Subject,Filename,Epoch,Weight (lbs),Age,Gender,Bout Start,Bout End,Time in Bout,Axis 1 Counts,Axis 2 Counts,Axis 3 Counts,Axis 1 Average Counts,Axis 2 Average Counts,Axis 3 Average Counts,Axis 1 Max Counts,Axis 2 Max Counts,Axis 3 Max Counts,Axis 1 CPM,Axis 2 CPM,Axis 3 CPM,Vector Magnitude Counts,Vector Magnitude Average Counts,Vector Magnitude Max Counts,Vector Magnitude CPM,Steps Counts,Steps Average Counts,Steps Max Counts,Steps Per Minute,Lux Average Counts,Lux Max Counts,Number of Epochs,Time,Calendar Days
W016 - TAS1H09200352 (2021-07-15)10sec_LUPAperiod,W016 - TAS1H09200352 (2021-07-15)10sec_LUPAperiod.agd,10,152,0,,5/30/2021 4:09:00 PM,5/30/2021 4:19:00 PM,10,30881,25619,32488,514.7,427,541.5,1490,1290,1210,3088.1,2561.9,3248.8,51627.9,898.5,2180.5,5162.8,237,4,8,23.7,0,0,60,10,1
W016 - TAS1H09200352 (2021-07-15)10sec_LUPAperiod,W016 - TAS1H09200352 (2021-07-15)10sec_LUPAperiod.agd,10,152,0,,5/31/2021 12:34:30 PM,5/31/2021 12:44:40 PM,10.2,32425,28304,32744,531.6,464,536.8,1431,1058,1195,3189.3,2784,3220.7,54080.2,913.1,1780.2,5319.4,276,4.5,10,27.1,0,0,61,10.17,1
W016 - TAS1H09200352 (2021-07-15)10sec_LUPAperiod,W016 - TAS1H09200352 (2021-07-15)10sec_LUPAperiod.agd,10,152,0,,6/3/2021 9:12:40 AM,6/3/2021 9:22:40 AM,10,29720,25509,28787,495.3,425.2,479.8,1313,904,1070,2972,2550.9,2878.7,48607.4,830.1,1779.8,4860.7,378,6.3,12,37.8,0,0,60,10,1
W016 - TAS1H09200352 (2021-07-15)10sec_LUPAperiod,W016 - TAS1H09200352 (2021-07-15)10sec_LUPAperiod.agd,10,152,0,,6/3/2021 12:31:00 PM,6/3/2021 12:41:40 PM,10.7,37317,36726,50457,583.1,573.8,788.4,1605,1414,1659,3498.5,3443.1,4730.3,72713.6,1171.1,2334.3,6816.9,312,4.9,8,29.3,0,0,64,10.67,1
W016 - TAS1H09200352 (2021-07-15)10sec_LUPAperiod,W016 - TAS1H09200352 (2021-07-15)10sec_LUPAperiod.agd,10,152,0,,6/3/2021 12:41:50 PM,6/3/2021 12:54:00 PM,12.2,39260,38395,49513,537.8,526,678.3,1347,1510,1550,3226.8,3155.8,4069.6,73939.6,1042.3,2268.5,6077.2,334,4.6,9,27.5,0,0,73,12.17,1
