Subject Name,File Name,Serial Number,Epoch Length,Weight,Age,Gender,Sleep/Wake Algorithm,Sleep Period Detection Algorithm,In Bed Time,Out Bed Time,Efficiency,Onset,Latency,Total Sleep Time,WASO,Number of Awakenings,Length of Awakenings in Minutes,Activity Counts,Movement Index,Fragmentation Index,Sleep Fragmentation Index
W014 - TAS1H09200179 (2021-07-13)60sec_LUPAperiod,W014 - TAS1H09200179 (2021-07-13)60sec_LUPAperiod.agd,TAS1H09200179,60,152.0,0,Undefined,Cole-Kripke,Tudor-Locke Default,5/15/2021 1:49:00 AM,5/15/2021 6:06:00 AM,87.938,5/15/2021 1:49:00 AM,0,257,31,11,2.82,12466,16.732,16.667,33.399
W014 - TAS1H09200179 (2021-07-13)60sec_LUPAperiod,W014 - TAS1H09200179 (2021-07-13)60sec_LUPAperiod.agd,TAS1H09200179,60,152.0,0,Undefined,Cole-Kripke,Tudor-Locke Default,5/16/2021 3:27:00 AM,5/16/2021 8:51:00 AM,90.123,5/16/2021 3:27:00 AM,0,324,32,13,2.46,17318,14.506,14.286,28.792
W014 - TAS1H09200179 (2021-07-13)60sec_LUPAperiod,W014 - TAS1H09200179 (2021-07-13)60sec_LUPAperiod.agd,TAS1H09200179,60,152.0,0,Undefined,Cole-Kripke,Tudor-Locke Default,5/17/2021 2:53:00 AM,5/17/2021 9:09:00 AM,87.5,5/17/2021 2:53:00 AM,0,376,47,17,2.76,18523,14.628,16.667,31.295
W014 - TAS1H09200179 (2021-07-13)60sec_LUPAperiod,W014 - TAS1H09200179 (2021-07-13)60sec_LUPAperiod.agd,TAS1H09200179,60,152.0,0,Undefined,Cole-Kripke,Tudor-Locke Default,5/19/2021 1:54:00 AM,5/19/2021 4:59:00 AM,79.459,5/19/2021 1:54:00 AM,0,185,38,10,3.8,16846,17.838,9.091,26.929
W014 - TAS1H09200179 (2021-07-13)60sec_LUPAperiod,W014 - TAS1H09200179 (2021-07-13)60sec_LUPAperiod.agd,TAS1H09200179,60,152.0,0,Undefined,Cole-Kripke,Tudor-Locke Default,5/19/2021 5:11:00 AM,5/19/2021 7:54:00 AM,79.755,5/19/2021 5:11:00 AM,0,163,33,9,3.67,11450,18.405,20,38.405
W014 - TAS1H09200179 (2021-07-13)60sec_LUPAperiod,W014 - TAS1H09200179 (2021-07-13)60sec_LUPAperiod.agd,TAS1H09200179,60,152.0,0,Undefined,Cole-Kripke,Tudor-Locke Default,5/20/2021 1:44:00 AM,5/20/2021 8:21:00 AM,85.642,5/20/2021 1:44:00 AM,0,397,57,19,3,23983,15.365,20,35.365
W014 - TAS1H09200179 (2021-07-13)60sec_LUPAperiod,W014 - TAS1H09200179 (2021-07-13)60sec_LUPAperiod.agd,TAS1H09200179,60,152.0,0,Undefined,Cole-Kripke,Tudor-Locke Default,5/22/2021 2:41:00 AM,5/22/2021 7:58:00 AM,75.394,5/22/2021 2:41:00 AM,0,317,78,21,3.71,29487,21.767,27.273,49.04
W014 - TAS1H09200179 (2021-07-13)60sec_LUPAperiod,W014 - TAS1H09200179 (2021-07-13)60sec_LUPAperiod.agd,TAS1H09200179,60,152.0,0,Undefined,Cole-Kripke,Tudor-Locke Default,5/24/2021 2:13:00 AM,5/24/2021 7:48:00 AM,86.567,5/24/2021 2:13:00 AM,0,335,45,11,4.09,19669,13.731,16.667,30.398
W014 - TAS1H09200179 (2021-07-13)60sec_LUPAperiod,W014 - TAS1H09200179 (2021-07-13)60sec_LUPAperiod.agd,TAS1H09200179,60,152.0,0,Undefined,Cole-Kripke,Tudor-Locke Default,5/25/2021 3:27:00 AM,5/25/2021 9:28:00 AM,68.421,5/25/2021 3:27:00 AM,0,361,114,40,2.85,48609,34.072,19.512,53.584
W014 - TAS1H09200179 (2021-07-13)60sec_LUPAperiod,W014 - TAS1H09200179 (2021-07-13)60sec_LUPAperiod.agd,TAS1H09200179,60,152.0,0,Undefined,Cole-Kripke,Tudor-Locke Default,5/26/2021 1:32:00 AM,5/26/2021 5:54:00 AM,79.008,5/26/2021 1:32:00 AM,0,262,55,15,3.67,23812,19.466,25,44.466
W014 - TAS1H09200179 (2021-07-13)60sec_LUPAperiod,W014 - TAS1H09200179 (2021-07-13)60sec_LUPAperiod.agd,TAS1H09200179,60,152.0,0,Undefined,Cole-Kripke,Tudor-Locke Default,5/27/2021 3:00:00 AM,5/27/2021 5:50:00 AM,77.647,5/27/2021 3:00:00 AM,0,170,38,10,3.8,16486,20,9.091,29.091
W014 - TAS1H09200179 (2021-07-13)60sec_LUPAperiod,W014 - TAS1H09200179 (2021-07-13)60sec_LUPAperiod.agd,TAS1H09200179,60,152.0,0,Undefined,Cole-Kripke,Tudor-Locke Default,5/28/2021 2:35:00 AM,5/28/2021 6:29:00 AM,72.222,5/28/2021 2:35:00 AM,0,234,65,13,5,25662,23.077,21.429,44.506
W014 - TAS1H09200179 (2021-07-13)60sec_LUPAperiod,W014 - TAS1H09200179 (2021-07-13)60sec_LUPAperiod.agd,TAS1H09200179,60,152.0,0,Undefined,Cole-Kripke,Tudor-Locke Default,5/29/2021 4:04:00 AM,5/29/2021 8:22:00 AM,82.946,5/29/2021 4:04:00 AM,0,258,44,10,4.4,19643,18.605,27.273,45.878
W014 - TAS1H09200179 (2021-07-13)60sec_LUPAperiod,W014 - TAS1H09200179 (2021-07-13)60sec_LUPAperiod.agd,TAS1H09200179,60,152.0,0,Undefined,Cole-Kripke,Tudor-Locke Default,5/31/2021 4:40:00 AM,5/31/2021 7:29:00 AM,81.657,5/31/2021 4:40:00 AM,0,169,31,10,3.1,10851,17.751,27.273,45.024
W014 - TAS1H09200179 (2021-07-13)60sec_LUPAperiod,W014 - TAS1H09200179 (2021-07-13)60sec_LUPAperiod.agd,TAS1H09200179,60,152.0,0,Undefined,Cole-Kripke,Tudor-Locke Default,6/3/2021 12:42:00 AM,6/3/2021 4:21:00 AM,70.32,6/3/2021 12:42:00 AM,0,219,65,18,3.61,28286,31.507,26.316,57.823
W014 - TAS1H09200179 (2021-07-13)60sec_LUPAperiod,W014 - TAS1H09200179 (2021-07-13)60sec_LUPAperiod.agd,TAS1H09200179,60,152.0,0,Undefined,Cole-Kripke,Tudor-Locke Default,6/4/2021 2:50:00 AM,6/4/2021 5:41:00 AM,77.193,6/4/2021 2:50:00 AM,0,171,39,8,4.88,16858,25.146,22.222,47.368
