Subject Name,File Name,Serial Number,Epoch Length,Weight,Age,Gender,Sleep/Wake Algorithm,Sleep Period Detection Algorithm,In Bed Time,Out Bed Time,Efficiency,Onset,Latency,Total Sleep Time,WASO,Number of Awakenings,Length of Awakenings in Minutes,Activity Counts,Movement Index,Fragmentation Index,Sleep Fragmentation Index
W010 - TAS1H02200272 (2021-04-13)60sec_LUPAperiod,W010 - TAS1H02200272 (2021-04-13)60sec_LUPAperiod.agd,TAS1H02200272,60,152.0,0,Undefined,Cole-Kripke,Tudor-Locke Default,2/19/2021 12:07:00 AM,2/19/2021 3:43:00 AM,88.889,2/19/2021 12:07:00 AM,0,216,24,10,2.4,11525,12.963,9.091,22.054
W010 - TAS1H02200272 (2021-04-13)60sec_LUPAperiod,W010 - TAS1H02200272 (2021-04-13)60sec_LUPAperiod.agd,TAS1H02200272,60,152.0,0,Undefined,Cole-Kripke,Tudor-Locke Default,2/19/2021 3:53:00 AM,2/19/2021 6:44:00 AM,88.304,2/19/2021 3:53:00 AM,0,171,20,9,2.22,9886,9.357,0,9.357
W010 - TAS1H02200272 (2021-04-13)60sec_LUPAperiod,W010 - TAS1H02200272 (2021-04-13)60sec_LUPAperiod.agd,TAS1H02200272,60,152.0,0,Undefined,Cole-Kripke,Tudor-Locke Default,2/20/2021 1:40:00 AM,2/20/2021 7:01:00 AM,91.277,2/20/2021 1:40:00 AM,0,321,28,13,2.15,19325,9.346,7.143,16.489
W010 - TAS1H02200272 (2021-04-13)60sec_LUPAperiod,W010 - TAS1H02200272 (2021-04-13)60sec_LUPAperiod.agd,TAS1H02200272,60,152.0,0,Undefined,Cole-Kripke,Tudor-Locke Default,2/21/2021 12:05:00 AM,2/21/2021 3:06:00 AM,95.028,2/21/2021 12:05:00 AM,0,181,9,4,2.25,5415,9.392,0,9.392
W010 - TAS1H02200272 (2021-04-13)60sec_LUPAperiod,W010 - TAS1H02200272 (2021-04-13)60sec_LUPAperiod.agd,TAS1H02200272,60,152.0,0,Undefined,Cole-Kripke,Tudor-Locke Default,2/22/2021 2:29:00 AM,2/22/2021 6:02:00 AM,94.836,2/22/2021 2:29:00 AM,0,213,11,3,3.67,5542,10.329,0,10.329
W010 - TAS1H02200272 (2021-04-13)60sec_LUPAperiod,W010 - TAS1H02200272 (2021-04-13)60sec_LUPAperiod.agd,TAS1H02200272,60,152.0,0,Undefined,Cole-Kripke,Tudor-Locke Default,2/22/2021 11:43:00 PM,2/23/2021 3:10:00 AM,91.787,2/22/2021 11:43:00 PM,0,207,17,6,2.83,10357,6.763,0,6.763
W010 - TAS1H02200272 (2021-04-13)60sec_LUPAperiod,W010 - TAS1H02200272 (2021-04-13)60sec_LUPAperiod.agd,TAS1H02200272,60,152.0,0,Undefined,Cole-Kripke,Tudor-Locke Default,2/23/2021 3:21:00 AM,2/23/2021 6:31:00 AM,86.316,2/23/2021 3:21:00 AM,0,190,26,12,2.17,18564,18.947,15.385,34.332
W010 - TAS1H02200272 (2021-04-13)60sec_LUPAperiod,W010 - TAS1H02200272 (2021-04-13)60sec_LUPAperiod.agd,TAS1H02200272,60,152.0,0,Undefined,Cole-Kripke,Tudor-Locke Default,2/24/2021 1:04:00 AM,2/24/2021 4:59:00 AM,94.468,2/24/2021 1:04:00 AM,0,235,13,7,1.86,7448,10.213,0,10.213
W010 - TAS1H02200272 (2021-04-13)60sec_LUPAperiod,W010 - TAS1H02200272 (2021-04-13)60sec_LUPAperiod.agd,TAS1H02200272,60,152.0,0,Undefined,Cole-Kripke,Tudor-Locke Default,2/24/2021 11:26:00 PM,2/25/2021 3:47:00 AM,83.908,2/24/2021 11:26:00 PM,0,261,42,9,4.67,20085,12.644,0,12.644
W010 - TAS1H02200272 (2021-04-13)60sec_LUPAperiod,W010 - TAS1H02200272 (2021-04-13)60sec_LUPAperiod.agd,TAS1H02200272,60,152.0,0,Undefined,Cole-Kripke,Tudor-Locke Default,2/25/2021 3:57:00 AM,2/25/2021 7:08:00 AM,92.147,2/25/2021 3:57:00 AM,0,191,15,10,1.5,7319,10.995,18.182,29.177
W010 - TAS1H02200272 (2021-04-13)60sec_LUPAperiod,W010 - TAS1H02200272 (2021-04-13)60sec_LUPAperiod.agd,TAS1H02200272,60,152.0,0,Undefined,Cole-Kripke,Tudor-Locke Default,2/26/2021 12:52:00 AM,2/26/2021 7:19:00 AM,86.047,2/26/2021 12:52:00 AM,0,387,54,18,3,30800,10.594,15.789,26.383
W010 - TAS1H02200272 (2021-04-13)60sec_LUPAperiod,W010 - TAS1H02200272 (2021-04-13)60sec_LUPAperiod.agd,TAS1H02200272,60,152.0,0,Undefined,Cole-Kripke,Tudor-Locke Default,2/27/2021 2:23:00 AM,2/27/2021 5:39:00 AM,91.327,2/27/2021 2:23:00 AM,0,196,17,8,2.13,8969,11.735,11.111,22.846
W010 - TAS1H02200272 (2021-04-13)60sec_LUPAperiod,W010 - TAS1H02200272 (2021-04-13)60sec_LUPAperiod.agd,TAS1H02200272,60,152.0,0,Undefined,Cole-Kripke,Tudor-Locke Default,2/28/2021 1:40:00 AM,2/28/2021 6:41:00 AM,89.037,2/28/2021 1:40:00 AM,0,301,33,15,2.2,12978,9.967,18.75,28.717
W010 - TAS1H02200272 (2021-04-13)60sec_LUPAperiod,W010 - TAS1H02200272 (2021-04-13)60sec_LUPAperiod.agd,TAS1H02200272,60,152.0,0,Undefined,Cole-Kripke,Tudor-Locke Default,3/1/2021 1:34:00 AM,3/1/2021 6:12:00 AM,87.41,3/1/2021 1:34:00 AM,0,278,35,11,3.18,14457,11.511,8.333,19.844
W010 - TAS1H02200272 (2021-04-13)60sec_LUPAperiod,W010 - TAS1H02200272 (2021-04-13)60sec_LUPAperiod.agd,TAS1H02200272,60,152.0,0,Undefined,Cole-Kripke,Tudor-Locke Default,3/2/2021 12:19:00 AM,3/2/2021 3:28:00 AM,91.005,3/2/2021 12:19:00 AM,0,189,17,7,2.43,7710,5.82,0,5.82
W010 - TAS1H02200272 (2021-04-13)60sec_LUPAperiod,W010 - TAS1H02200272 (2021-04-13)60sec_LUPAperiod.agd,TAS1H02200272,60,152.0,0,Undefined,Cole-Kripke,Tudor-Locke Default,3/2/2021 3:40:00 AM,3/2/2021 7:04:00 AM,88.235,3/2/2021 3:40:00 AM,0,204,24,9,2.67,10861,9.804,10,19.804
W010 - TAS1H02200272 (2021-04-13)60sec_LUPAperiod,W010 - TAS1H02200272 (2021-04-13)60sec_LUPAperiod.agd,TAS1H02200272,60,152.0,0,Undefined,Cole-Kripke,Tudor-Locke Default,3/2/2021 11:49:00 PM,3/3/2021 3:05:00 AM,79.592,3/2/2021 11:49:00 PM,0,196,40,8,5,23562,13.776,11.111,24.887
