Subject Name,File Name,Serial Number,Epoch Length,Weight,Age,Gender,Sleep/Wake Algorithm,Sleep Period Detection Algorithm,In Bed Time,Out Bed Time,Efficiency,Onset,Latency,Total Sleep Time,WASO,Number of Awakenings,Length of Awakenings in Minutes,Activity Counts,Movement Index,Fragmentation Index,Sleep Fragmentation Index
W015 - TAS1H09200347 (2021-07-13)60sec_LUPAperiod,W015 - TAS1H09200347 (2021-07-13)60sec_LUPAperiod.agd,TAS1H09200347,60,152.0,0,Undefined,Cole-Kripke,Tudor-Locke Default,5/26/2021 3:42:00 AM,5/26/2021 6:30:00 AM,82.143,5/26/2021 3:42:00 AM,0,168,30,9,3.33,11469,24.405,40,64.405
W015 - TAS1H09200347 (2021-07-13)60sec_LUPAperiod,W015 - TAS1H09200347 (2021-07-13)60sec_LUPAperiod.agd,TAS1H09200347,60,152.0,0,Undefined,Cole-Kripke,Tudor-Locke Default,5/26/2021 9:30:00 AM,5/26/2021 12:13:00 PM,92.638,5/26/2021 9:30:00 AM,0,163,12,3,4,4453,8.589,50,58.589
W015 - TAS1H09200347 (2021-07-13)60sec_LUPAperiod,W015 - TAS1H09200347 (2021-07-13)60sec_LUPAperiod.agd,TAS1H09200347,60,152.0,0,Undefined,Cole-Kripke,Tudor-Locke Default,5/27/2021 12:54:00 AM,5/27/2021 3:48:00 AM,93.678,5/27/2021 12:54:00 AM,0,174,11,8,1.38,7553,13.793,11.111,24.904
W015 - TAS1H09200347 (2021-07-13)60sec_LUPAperiod,W015 - TAS1H09200347 (2021-07-13)60sec_LUPAperiod.agd,TAS1H09200347,60,152.0,0,Undefined,Cole-Kripke,Tudor-Locke Default,5/27/2021 4:06:00 AM,5/27/2021 8:27:00 AM,91.188,5/27/2021 4:06:00 AM,0,261,23,12,1.92,9642,9.195,15.385,24.58
W015 - TAS1H09200347 (2021-07-13)60sec_LUPAperiod,W015 - TAS1H09200347 (2021-07-13)60sec_LUPAperiod.agd,TAS1H09200347,60,152.0,0,Undefined,Cole-Kripke,Tudor-Locke Default,5/28/2021 12:18:00 AM,5/28/2021 3:37:00 AM,86.935,5/28/2021 12:18:00 AM,0,199,26,13,2,12739,20.603,21.429,42.032
W015 - TAS1H09200347 (2021-07-13)60sec_LUPAperiod,W015 - TAS1H09200347 (2021-07-13)60sec_LUPAperiod.agd,TAS1H09200347,60,152.0,0,Undefined,Cole-Kripke,Tudor-Locke Default,5/28/2021 3:47:00 AM,5/28/2021 11:10:00 AM,91.648,5/28/2021 3:47:00 AM,0,443,37,12,3.08,19660,11.964,7.692,19.656
W015 - TAS1H09200347 (2021-07-13)60sec_LUPAperiod,W015 - TAS1H09200347 (2021-07-13)60sec_LUPAperiod.agd,TAS1H09200347,60,152.0,0,Undefined,Cole-Kripke,Tudor-Locke Default,5/29/2021 1:11:00 AM,5/29/2021 4:01:00 AM,75.294,5/29/2021 1:11:00 AM,0,170,42,9,4.67,22881,24.706,10,34.706
W015 - TAS1H09200347 (2021-07-13)60sec_LUPAperiod,W015 - TAS1H09200347 (2021-07-13)60sec_LUPAperiod.agd,TAS1H09200347,60,152.0,0,Undefined,Cole-Kripke,Tudor-Locke Default,6/2/2021 12:41:00 AM,6/2/2021 6:12:00 AM,93.051,6/2/2021 12:41:00 AM,0,331,23,12,1.92,17661,17.523,7.692,25.215
W015 - TAS1H09200347 (2021-07-13)60sec_LUPAperiod,W015 - TAS1H09200347 (2021-07-13)60sec_LUPAperiod.agd,TAS1H09200347,60,152.0,0,Undefined,Cole-Kripke,Tudor-Locke Default,6/3/2021 12:19:00 AM,6/3/2021 7:29:00 AM,89.302,6/3/2021 12:19:00 AM,0,430,46,13,3.54,29160,23.953,0,23.953
W015 - TAS1H09200347 (2021-07-13)60sec_LUPAperiod,W015 - TAS1H09200347 (2021-07-13)60sec_LUPAperiod.agd,TAS1H09200347,60,152.0,0,Undefined,Cole-Kripke,Tudor-Locke Default,6/4/2021 12:22:00 AM,6/4/2021 5:06:00 AM,99.296,6/4/2021 12:22:00 AM,0,284,2,2,1,3473,8.803,0,8.803
W015 - TAS1H09200347 (2021-07-13)60sec_LUPAperiod,W015 - TAS1H09200347 (2021-07-13)60sec_LUPAperiod.agd,TAS1H09200347,60,152.0,0,Undefined,Cole-Kripke,Tudor-Locke Default,6/4/2021 11:24:00 PM,6/5/2021 6:41:00 AM,92.677,6/4/2021 11:24:00 PM,0,437,32,15,2.13,17314,17.162,25,42.162
W015 - TAS1H09200347 (2021-07-13)60sec_LUPAperiod,W015 - TAS1H09200347 (2021-07-13)60sec_LUPAperiod.agd,TAS1H09200347,60,152.0,0,Undefined,Cole-Kripke,Tudor-Locke Default,6/5/2021 10:02:00 PM,6/6/2021 6:08:00 AM,90.741,6/5/2021 10:02:00 PM,0,486,45,17,2.65,27068,17.078,11.111,28.189
W015 - TAS1H09200347 (2021-07-13)60sec_LUPAperiod,W015 - TAS1H09200347 (2021-07-13)60sec_LUPAperiod.agd,TAS1H09200347,60,152.0,0,Undefined,Cole-Kripke,Tudor-Locke Default,6/7/2021 12:37:00 AM,6/7/2021 5:42:00 AM,92.787,6/7/2021 12:37:00 AM,0,305,22,10,2.2,10955,12.131,36.364,48.495
