Day of Week,Day of Week Num,kcals,METs,Number of Freedson (1998) Bouts occurring in this day,Number of Freedson (1998) Bouts starting in this day,Number of Freedson (1998) Bouts ending in this day,Total time of Freedson (1998) Bouts occurring in this day,Total activity counts of Freedson (1998) Bouts occurring in this day,Number of Sedentary Bouts occurring in this day,Number of Sedentary Bouts starting in this day,Number of Sedentary Bouts ending in this day,Total time of Sedentary Bouts occurring in this day,Number of Sedentary Breaks occurring in this day,Number of Sedentary Breaks starting in this day,Number of Sedentary Breaks ending in this day,Total time of Sedentary Breaks occurring in this day,Sedentary,Light,Moderate,Vigorous,Very Vigorous,Total MVPA,% in MVPA,Axis 1 Counts,Axis 2 Counts,Axis 3 Counts,Axis 1 Average Counts,Axis 2 Average Counts,Axis 3 Average Counts,Axis 1 Max Counts,Axis 2 Max Counts,Axis 3 Max Counts,Axis 1 CPM,Axis 2 CPM,Axis 3 CPM,Vector Magnitude Counts,Vector Magnitude Average Counts,Vector Magnitude Max Counts,Vector Magnitude CPM,Steps Counts,Steps Average Counts,Steps Max Counts,Steps Per Minute,Lux Average Counts,Lux Max Counts,Number of Epochs,Time,Calendar Days
Monday,1,77.040,1.394,0,0,0,0,0,1,1,1,34.3333333333333,3,1,0,3538.83333333333,85.7,21.2,11.3,0,0,11.3333333333333,0.1,75346,71354,94889,123.5,114.5,144.7,1584,1584,1748,637.6,603.8,803,140750.7,232.1,2296.1,1191.1,616,1,9,5.2,0,0,709,118.17,3
Tuesday,2,1798.281,1.716,2,2,2,21.1666666666667,74980,22,22,22,616.333333333333,25,22,22,3703.66666666667,1064.3,526.7,246.7,0,0,246.666666666667,0.1,1677673,1770823,2458370,220.3,243.8,315.7,1934,2283,3265,912.9,963.6,1337.8,3465774.8,483.1,4144.8,1886,18757,2.5,22,10.2,0,0,11026,1837.67,4
Wednesday,3,2533.031,1.632,5,5,5,56.8333333333333,198978,14,14,14,235.833333333333,17,14,14,4084.16666666667,1182.8,767.3,352.3,0,0,352.333333333333,0.2,2390206,2311383,3277232,199.1,199.4,276.3,2101,1856,2995,1038.1,1003.9,1423.3,4669932.2,415.5,3111.4,2028.2,23342,1.9,16,10.1,0,0,13815,2302.5,3
Thursday,4,1683.407,1.394,1,1,1,10.3333333333333,29239,33,33,32,565,36,32,33,5195,1781.5,551.5,228,0,0,228,0.1,1592571,1427729,2128640,142.2,194.9,203.6,1796,1632,2890,621.9,557.5,831.2,3025635.9,341.3,3083.1,1181.4,14081,1.2,13,5.5,0,0,15366,2561,5
Friday,5,680.908,1.320,2,2,2,21,77379,4,3,4,82.8333333333333,5,3,3,3776.33333333333,219.7,163.2,105.2,0,0,105.166666666667,0.2,649664,709189,944542,98.3,104.4,135.7,1632,1933,2468,1331.3,1453.3,1935.5,1348279.9,208.0,2969.2,2762.9,6611,1,17,13.5,0,0,2928,488,3
Saturday,6,0,0,0,0,0,0,0,0,0,0,0,0,0,0,0,0,0,0,0,0,0,0,0,0,0,0,0,0,0,0,0,0,0,0,0,0,0,0,0,0,0,0,0,0,0,0,0
Sunday,7,0,0,0,0,0,0,0,0,0,0,0,0,0,0,0,0,0,0,0,0,0,0,0,0,0,0,0,0,0,0,0,0,0,0,0,0,0,0,0,0,0,0,0,0,0,0,0
