Subject,Filename,Epoch,Weight (lbs),Age,Gender,Wear Time Start,Wear Time End
TAS1H09200174 (2021-06-11)10sec_LUPAperiod,TAS1H09200174 (2021-06-11)10sec_LUPAperiod.agd,10,152,0,,4/19/2021 9:17:50 AM,4/19/2021 9:20:20 AM
TAS1H09200174 (2021-06-11)10sec_LUPAperiod,TAS1H09200174 (2021-06-11)10sec_LUPAperiod.agd,10,152,0,,4/19/2021 12:01:00 PM,4/19/2021 1:02:00 PM
TAS1H09200174 (2021-06-11)10sec_LUPAperiod,TAS1H09200174 (2021-06-11)10sec_LUPAperiod.agd,10,152,0,,4/19/2021 3:28:20 PM,4/19/2021 3:28:30 PM
TAS1H09200174 (2021-06-11)10sec_LUPAperiod,TAS1H09200174 (2021-06-11)10sec_LUPAperiod.agd,10,152,0,,4/20/2021 7:46:00 AM,4/20/2021 8:32:10 AM
TAS1H09200174 (2021-06-11)10sec_LUPAperiod,TAS1H09200174 (2021-06-11)10sec_LUPAperiod.agd,10,152,0,,4/20/2021 9:56:20 AM,4/20/2021 11:24:10 PM
TAS1H09200174 (2021-06-11)10sec_LUPAperiod,TAS1H09200174 (2021-06-11)10sec_LUPAperiod.agd,10,152,0,,4/21/2021 6:21:30 PM,4/22/2021 8:12:20 PM
TAS1H09200174 (2021-06-11)10sec_LUPAperiod,TAS1H09200174 (2021-06-11)10sec_LUPAperiod.agd,10,152,0,,4/23/2021 8:04:10 PM,4/23/2021 8:15:40 PM
TAS1H09200174 (2021-06-11)10sec_LUPAperiod,TAS1H09200174 (2021-06-11)10sec_LUPAperiod.agd,10,152,0,,4/26/2021 4:31:40 PM,4/26/2021 4:35:00 PM
TAS1H09200174 (2021-06-11)10sec_LUPAperiod,TAS1H09200174 (2021-06-11)10sec_LUPAperiod.agd,10,152,0,,4/26/2021 6:13:10 PM,4/26/2021 6:13:30 PM
TAS1H09200174 (2021-06-11)10sec_LUPAperiod,TAS1H09200174 (2021-06-11)10sec_LUPAperiod.agd,10,152,0,,4/27/2021 1:30:10 PM,4/29/2021 5:44:00 PM
TAS1H09200174 (2021-06-11)10sec_LUPAperiod,TAS1H09200174 (2021-06-11)10sec_LUPAperiod.agd,10,152,0,,4/29/2021 11:37:50 PM,4/30/2021 1:09:30 AM
TAS1H09200174 (2021-06-11)10sec_LUPAperiod,TAS1H09200174 (2021-06-11)10sec_LUPAperiod.agd,10,152,0,,5/3/2021 5:06:40 PM,5/3/2021 5:57:30 PM
TAS1H09200174 (2021-06-11)10sec_LUPAperiod,TAS1H09200174 (2021-06-11)10sec_LUPAperiod.agd,10,152,0,,5/4/2021 10:47:10 AM,5/4/2021 3:21:00 PM
TAS1H09200174 (2021-06-11)10sec_LUPAperiod,TAS1H09200174 (2021-06-11)10sec_LUPAperiod.agd,10,152,0,,5/6/2021 11:24:30 AM,5/6/2021 2:27:00 PM
TAS1H09200174 (2021-06-11)10sec_LUPAperiod,TAS1H09200174 (2021-06-11)10sec_LUPAperiod.agd,10,152,0,,5/6/2021 6:23:00 PM,5/6/2021 6:23:40 PM
TAS1H09200174 (2021-06-11)10sec_LUPAperiod,TAS1H09200174 (2021-06-11)10sec_LUPAperiod.agd,10,152,0,,5/12/2021 3:16:00 PM,5/13/2021 1:18:20 AM
TAS1H09200174 (2021-06-11)10sec_LUPAperiod,TAS1H09200174 (2021-06-11)10sec_LUPAperiod.agd,10,152,0,,5/13/2021 11:00:40 AM,5/13/2021 11:01:20 AM
TAS1H09200174 (2021-06-11)10sec_LUPAperiod,TAS1H09200174 (2021-06-11)10sec_LUPAperiod.agd,10,152,0,,5/14/2021 4:07:20 PM,5/14/2021 10:54:20 PM
TAS1H09200174 (2021-06-11)10sec_LUPAperiod,TAS1H09200174 (2021-06-11)10sec_LUPAperiod.agd,10,152,0,,5/18/2021 2:31:00 PM,5/18/2021 3:51:00 PM
TAS1H09200174 (2021-06-11)10sec_LUPAperiod,TAS1H09200174 (2021-06-11)10sec_LUPAperiod.agd,10,152,0,,5/20/2021 2:53:00 PM,5/20/2021 2:53:20 PM
