Subject,Filename,Epoch,Weight (lbs),Age,Gender,Wear Time Start,Wear Time End
W015 - TAS1H09200347 (2021-07-13)10sec_LUPAperiod,W015 - TAS1H09200347 (2021-07-13)10sec_LUPAperiod.agd,10,152,0,,5/20/2021 7:54:00 AM,5/20/2021 7:56:00 AM
W015 - TAS1H09200347 (2021-07-13)10sec_LUPAperiod,W015 - TAS1H09200347 (2021-07-13)10sec_LUPAperiod.agd,10,152,0,,5/21/2021 7:57:10 AM,5/21/2021 7:59:50 AM
W015 - TAS1H09200347 (2021-07-13)10sec_LUPAperiod,W015 - TAS1H09200347 (2021-07-13)10sec_LUPAperiod.agd,10,152,0,,5/25/2021 11:39:10 AM,5/26/2021 10:18:40 AM
W015 - TAS1H09200347 (2021-07-13)10sec_LUPAperiod,W015 - TAS1H09200347 (2021-07-13)10sec_LUPAperiod.agd,10,152,0,,5/26/2021 12:06:50 PM,6/3/2021 2:30:10 PM
W015 - TAS1H09200347 (2021-07-13)10sec_LUPAperiod,W015 - TAS1H09200347 (2021-07-13)10sec_LUPAperiod.agd,10,152,0,,6/3/2021 3:52:30 PM,6/7/2021 7:08:20 PM
W015 - TAS1H09200347 (2021-07-13)10sec_LUPAperiod,W015 - TAS1H09200347 (2021-07-13)10sec_LUPAperiod.agd,10,152,0,,6/7/2021 9:50:40 PM,6/7/2021 9:54:30 PM
W015 - TAS1H09200347 (2021-07-13)10sec_LUPAperiod,W015 - TAS1H09200347 (2021-07-13)10sec_LUPAperiod.agd,10,152,0,,6/8/2021 10:22:10 AM,6/8/2021 10:29:40 AM
