Subject Name,File Name,Serial Number,Epoch Length,Weight,Age,Gender,Sleep/Wake Algorithm,Sleep Period Detection Algorithm,In Bed Time,Out Bed Time,Efficiency,Onset,Latency,Total Sleep Time,WASO,Number of Awakenings,Length of Awakenings in Minutes,Activity Counts,Movement Index,Fragmentation Index,Sleep Fragmentation Index
TAS1H05200446 (2021-06-11)60sec_LUPAperiod,TAS1H05200446 (2021-06-11)60sec_LUPAperiod.agd,TAS1H05200446,60,152.0,0,Undefined,Cole-Kripke,Tudor-Locke Default,5/17/2021 11:35:00 PM,5/18/2021 2:16:00 AM,76.398,5/17/2021 11:35:00 PM,0,161,38,7,5.43,13849,24.845,12.5,37.345
TAS1H05200446 (2021-06-11)60sec_LUPAperiod,TAS1H05200446 (2021-06-11)60sec_LUPAperiod.agd,TAS1H05200446,60,152.0,0,Undefined,Cole-Kripke,Tudor-Locke Default,5/26/2021 11:44:00 PM,5/27/2021 8:00:00 AM,93.145,5/26/2021 11:44:00 PM,0,496,34,16,2.13,14123,6.653,17.647,24.3
TAS1H05200446 (2021-06-11)60sec_LUPAperiod,TAS1H05200446 (2021-06-11)60sec_LUPAperiod.agd,TAS1H05200446,60,152.0,0,Undefined,Cole-Kripke,Tudor-Locke Default,5/27/2021 11:06:00 AM,5/27/2021 2:36:00 PM,100,5/27/2021 11:06:00 AM,0,210,0,0,0,0,0,0,0
TAS1H05200446 (2021-06-11)60sec_LUPAperiod,TAS1H05200446 (2021-06-11)60sec_LUPAperiod.agd,TAS1H05200446,60,152.0,0,Undefined,Cole-Kripke,Tudor-Locke Default,5/27/2021 11:14:00 PM,5/28/2021 6:21:00 AM,89.227,5/27/2021 11:14:00 PM,0,427,46,13,3.54,40337,9.133,14.286,23.419
TAS1H05200446 (2021-06-11)60sec_LUPAperiod,TAS1H05200446 (2021-06-11)60sec_LUPAperiod.agd,TAS1H05200446,60,152.0,0,Undefined,Cole-Kripke,Tudor-Locke Default,5/28/2021 11:18:00 PM,5/29/2021 2:35:00 AM,96.447,5/28/2021 11:18:00 PM,0,197,7,1,7,4499,9.137,0,9.137
TAS1H05200446 (2021-06-11)60sec_LUPAperiod,TAS1H05200446 (2021-06-11)60sec_LUPAperiod.agd,TAS1H05200446,60,152.0,0,Undefined,Cole-Kripke,Tudor-Locke Default,5/29/2021 2:48:00 AM,5/29/2021 6:53:00 AM,86.531,5/29/2021 2:48:00 AM,0,245,33,12,2.75,13665,11.02,15.385,26.405
TAS1H05200446 (2021-06-11)60sec_LUPAperiod,TAS1H05200446 (2021-06-11)60sec_LUPAperiod.agd,TAS1H05200446,60,152.0,0,Undefined,Cole-Kripke,Tudor-Locke Default,5/29/2021 11:28:00 PM,5/30/2021 4:15:00 AM,93.728,5/29/2021 11:28:00 PM,0,287,18,4,4.5,12035,4.878,0,4.878
TAS1H05200446 (2021-06-11)60sec_LUPAperiod,TAS1H05200446 (2021-06-11)60sec_LUPAperiod.agd,TAS1H05200446,60,152.0,0,Undefined,Cole-Kripke,Tudor-Locke Default,5/30/2021 4:31:00 AM,5/30/2021 7:49:00 AM,89.394,5/30/2021 4:31:00 AM,0,198,21,7,3,8971,7.576,0,7.576
TAS1H05200446 (2021-06-11)60sec_LUPAperiod,TAS1H05200446 (2021-06-11)60sec_LUPAperiod.agd,TAS1H05200446,60,152.0,0,Undefined,Cole-Kripke,Tudor-Locke Default,6/1/2021 10:54:00 PM,6/2/2021 2:14:00 AM,87.5,6/1/2021 10:54:00 PM,0,200,25,10,2.5,13848,20,18.182,38.182
TAS1H05200446 (2021-06-11)60sec_LUPAperiod,TAS1H05200446 (2021-06-11)60sec_LUPAperiod.agd,TAS1H05200446,60,152.0,0,Undefined,Cole-Kripke,Tudor-Locke Default,6/2/2021 2:28:00 AM,6/2/2021 5:13:00 AM,84.242,6/2/2021 2:28:00 AM,0,165,26,5,5.2,13318,30.909,16.667,47.576
TAS1H05200446 (2021-06-11)60sec_LUPAperiod,TAS1H05200446 (2021-06-11)60sec_LUPAperiod.agd,TAS1H05200446,60,152.0,0,Undefined,Cole-Kripke,Tudor-Locke Default,6/4/2021 10:04:00 PM,6/5/2021 1:01:00 AM,75.141,6/4/2021 10:04:00 PM,0,177,44,11,4,17971,19.774,16.667,36.441
