Subject,Filename,Epoch,Weight (lbs),Age,Gender,Wear Time Start,Wear Time End
W014 - TAS1H09200179 (2021-07-13)10sec_LUPAperiod,W014 - TAS1H09200179 (2021-07-13)10sec_LUPAperiod.agd,10,152,0,,5/12/2021 2:32:10 PM,5/12/2021 2:36:50 PM
W014 - TAS1H09200179 (2021-07-13)10sec_LUPAperiod,W014 - TAS1H09200179 (2021-07-13)10sec_LUPAperiod.agd,10,152,0,,5/13/2021 7:57:30 AM,5/13/2021 8:01:10 AM
W014 - TAS1H09200179 (2021-07-13)10sec_LUPAperiod,W014 - TAS1H09200179 (2021-07-13)10sec_LUPAperiod.agd,10,152,0,,5/14/2021 9:48:30 AM,5/16/2021 6:35:40 AM
W014 - TAS1H09200179 (2021-07-13)10sec_LUPAperiod,W014 - TAS1H09200179 (2021-07-13)10sec_LUPAperiod.agd,10,152,0,,5/16/2021 7:48:30 AM,5/22/2021 2:17:30 PM
W014 - TAS1H09200179 (2021-07-13)10sec_LUPAperiod,W014 - TAS1H09200179 (2021-07-13)10sec_LUPAperiod.agd,10,152,0,,5/22/2021 4:39:30 PM,5/26/2021 3:21:00 AM
W014 - TAS1H09200179 (2021-07-13)10sec_LUPAperiod,W014 - TAS1H09200179 (2021-07-13)10sec_LUPAperiod.agd,10,152,0,,5/26/2021 4:22:10 AM,5/30/2021 11:42:00 PM
W014 - TAS1H09200179 (2021-07-13)10sec_LUPAperiod,W014 - TAS1H09200179 (2021-07-13)10sec_LUPAperiod.agd,10,152,0,,5/31/2021 1:52:00 AM,6/4/2021 11:42:50 AM
W014 - TAS1H09200179 (2021-07-13)10sec_LUPAperiod,W014 - TAS1H09200179 (2021-07-13)10sec_LUPAperiod.agd,10,152,0,,6/4/2021 3:12:40 PM,6/4/2021 3:14:00 PM
