date,% in Light_previus_day_0,% in MVPA_previus_day_0,% in Moderate_previus_day_0,% in Sedentary_previus_day_0,% in Very Vigorous_previus_day_0,% in Vigorous_previus_day_0,Average Hourly kcals_previus_day_0,Average MVPA Per Hour_previus_day_0,Axis 1 Average Counts_previus_day_0,Axis 1 CPM_previus_day_0,Axis 1 Counts_previus_day_0,Axis 1 Max Counts_previus_day_0,Axis 2 Average Counts_previus_day_0,Axis 2 CPM_previus_day_0,Axis 2 Counts_previus_day_0,Axis 2 Max Counts_previus_day_0,Axis 3 Average Counts_previus_day_0,Axis 3 CPM_previus_day_0,Axis 3 Counts_previus_day_0,Axis 3 Max Counts_previus_day_0,Lux Average Counts_previus_day_0,Lux Max Counts_previus_day_0,METs_previus_day_0,Number of Epochs_previus_day_0,Number of Freedson (1998) Bouts occurring in this day_previus_day_0,Number of Sedentary Bouts occurring in this day_previus_day_0,Number of Sedentary Breaks occurring in this day_previus_day_0,Steps Average Counts_previus_day_0,Steps Counts_previus_day_0,Steps Max Counts_previus_day_0,Steps Per Minute_previus_day_0,Total MVPA_previus_day_0,Total activity counts of Freedson (1998) Bouts occurring in this day_previus_day_0,Total time of Freedson (1998) Bouts occurring in this day_previus_day_0,Total time of Sedentary Bouts occurring in this day_previus_day_0,Total time of Sedentary Breaks occurring in this day_previus_day_0,Vector Magnitude Average Counts_previus_day_0,Vector Magnitude CPM_previus_day_0,Vector Magnitude Counts_previus_day_0,Vector Magnitude Max Counts_previus_day_0,index_previus_day_0,kcals_previus_day_0,% in Light_previus_day_1,% in MVPA_previus_day_1,% in Moderate_previus_day_1,% in Sedentary_previus_day_1,% in Very Vigorous_previus_day_1,% in Vigorous_previus_day_1,Average Hourly kcals_previus_day_1,Average MVPA Per Hour_previus_day_1,Axis 1 Average Counts_previus_day_1,Axis 1 CPM_previus_day_1,Axis 1 Counts_previus_day_1,Axis 1 Max Counts_previus_day_1,Axis 2 Average Counts_previus_day_1,Axis 2 CPM_previus_day_1,Axis 2 Counts_previus_day_1,Axis 2 Max Counts_previus_day_1,Axis 3 Average Counts_previus_day_1,Axis 3 CPM_previus_day_1,Axis 3 Counts_previus_day_1,Axis 3 Max Counts_previus_day_1,Lux Average Counts_previus_day_1,Lux Max Counts_previus_day_1,METs_previus_day_1,Number of Epochs_previus_day_1,Number of Freedson (1998) Bouts occurring in this day_previus_day_1,Number of Sedentary Bouts occurring in this day_previus_day_1,Number of Sedentary Breaks occurring in this day_previus_day_1,Steps Average Counts_previus_day_1,Steps Counts_previus_day_1,Steps Max Counts_previus_day_1,Steps Per Minute_previus_day_1,Total MVPA_previus_day_1,Total activity counts of Freedson (1998) Bouts occurring in this day_previus_day_1,Total time of Freedson (1998) Bouts occurring in this day_previus_day_1,Total time of Sedentary Bouts occurring in this day_previus_day_1,Total time of Sedentary Breaks occurring in this day_previus_day_1,Vector Magnitude Average Counts_previus_day_1,Vector Magnitude CPM_previus_day_1,Vector Magnitude Counts_previus_day_1,Vector Magnitude Max Counts_previus_day_1,index_previus_day_1,kcals_previus_day_1,16,17,18,19,20,21,22,23,24,25,26,max,sum
2021-04-21 17:16:01,7.30,1.25,1.25,91.45,0.00,0.00,5.377,0.6,22.8,136.7,116776,1542,21.8,131.0,111883,1166,30.1,180.6,154240,1791,0,0,1.063,5124,0,21,22,0.4,1854,22,2.2,10.6666666666667,0,0.0,604.833333333333,835.166666666667,46.9,261.7,223482.5,2370.5,1,129.059,40.57,17.38,17.38,42.05,0.00,0.00,18.39,9.8,203.8,1222.9,413966,1770,220.3,1321.6,447369,1835,284.9,1709.3,578592,2408,0,0,1.64,2031,0,0,1,2.0,4088,16,12.1,58.8333333333333,0,0.0,0.0,1440.0,434.1,2482.7,840402.0,2664.3,2,441.359,0.0,0.0,0.0,0.0,0.0,0.0,0.0,0.0,0.0,0.0,0.0,0.0,0.0
2021-04-23 19:12:56,22.68,7.96,7.96,69.36,0.00,0.00,31.797,4.6,98.3,590.1,715394,1652,88.6,531.8,644774,1501,131.7,790.1,957898,2604,0,0,1.298,7274,0,12,13,0.9,6375,11,5.3,96.5,0,0.0,235.5,1204.5,199.3,1120.4,1358341.1,2728.8,3,763.128,4.35,2.90,2.90,92.75,0.00,0.00,0.091,0.3,27.5,164.9,1896,773,19.4,116.7,1342,421,18.1,108.9,1252,668,0,0,1.093,69,0,1,2,0.2,14,4,1.2,0.333333333333333,0,0.0,10.5,1429.5,39.7,229.5,2638.8,1105.0,4,2.179,0.0,0.0,0.0,0.0,0.0,0.0,0.0,0.0,0.0,0.0,1.0,1.0,2.0
2021-04-28 15:46:52,46.04,20.03,20.03,33.92,0.00,0.00,39.441,11.5,231.9,1391.7,876521,1867,249.5,1496.8,942741,2283,356.6,2139.8,1347724,2642,0,0,1.74,3779,2,1,2,2.6,9769,17,15.5,126.166666666667,74980,21.1666666666667,11.5,1428.5,518.7,2959.1,1863708.6,3554.4,6,946.592,29.65,11.19,11.19,59.16,0.00,0.00,52.098,6.7,134.4,806.7,1161585,1829,123.0,738.0,1062690,1718,179.8,1078.8,1553439,2995,0,0,1.418,8640,1,13,14,1.3,11469,16,8.0,161.166666666667,49991,13.6666666666667,225.0,1215.0,272.7,1535.9,2211732.9,3111.4,7,1250.352,0.0,1.0,0.0,0.0,0.0,0.0,0.0,0.0,0.0,0.0,2.0,2.0,5.0
2021-04-30 14:51:08,16.16,5.98,5.98,77.86,0.00,0.00,20.817,3.4,71.4,428.5,465394,1796,58.2,349.3,379410,1613,97.8,586.6,637098,2890,0,0,1.22,6517,1,21,21,0.6,4061,12,3.7,65.0,29239,10.3333333333333,329.5,1110.5,143.3,806.0,875464.1,3083.1,8,499.618,1.68,0.00,0.00,98.32,0.00,0.00,0.054,0.0,2.6,15.4,1071,236,4.6,27.6,1917,368,3.2,19.0,1321,426,0,0,1.003,417,0,2,2,0.0,13,2,0.2,0.0,0,0.0,60.8333333333333,1379.16666666667,6.4,36.9,2562.6,551.2,9,1.307,0.0,0.0,0.0,0.0,0.0,0.0,0.0,0.0,0.0,0.0,0.0,0.0,0.0
2021-05-21 08:42:24,25.47,9.40,9.40,65.13,0.00,0.00,24.153,5.0,115.6,693.7,554768,1884,96.3,578.1,462261,2075,138.1,828.7,662706,1883,0,0,1.348,4798,0,6,5,1.1,5299,16,6.6,75.1666666666667,0,0.0,113.833333333333,541.333333333333,220.2,1225.7,980118.4,3200.0,3,579.678,28.20,12.65,12.65,59.15,0.00,0.00,48.558,6.8,140.0,840.2,1090469,1544,129.3,775.8,1006882,1998,174.5,1047.0,1358785,2183,0,0,1.444,7787,0,13,13,1.5,11620,19,9.0,164.166666666667,0,0.0,306.0,1134.0,274.6,1550.5,2012270.0,2882.0,4,1165.382,4.0,5.0,3.0,0.0,5.0,4.0,6.0,2.0,0.0,3.0,4.0,6.0,42.0
2021-05-24 09:22:09,15.42,5.71,5.71,78.88,0.00,0.00,26.636,3.4,67.6,405.4,583712,1677,65.3,392.1,564594,1901,84.3,505.7,728195,1518,0,0,1.212,8640,0,25,24,0.7,5643,16,3.9,82.1666666666667,0,0.0,578.5,861.5,134.7,757.5,1090758.5,2554.6,6,639.269,19.96,8.31,8.31,71.73,0.00,0.00,34.336,4.6,96.2,577.3,772339,2085,93.6,561.5,751149,3294,118.4,710.1,950047,2147,0,0,1.3,8027,1,20,20,1.0,8173,17,6.1,111.166666666667,34681,10.1666666666667,462.5,977.5,189.3,1073.7,1436426.7,4450.5,7,824.058,8.0,7.0,5.0,5.0,5.0,6.0,8.0,5.0,5.0,7.0,6.0,8.0,75.0
2021-05-26 09:28:30,21.00,8.86,8.86,70.14,0.00,0.00,38.397,5.2,100.7,604.3,852585,1436,92.5,554.9,782810,2155,131.0,785.7,1108555,2245,0,0,1.32,8465,2,19,20,1.0,8888,17,6.3,125.0,64958,22.0,470.0,970.0,200.7,1136.0,1602681.1,2859.1,8,921.539,27.21,8.56,8.56,64.23,0.00,0.00,36.368,4.5,106.5,639.2,780521,1367,109.6,657.5,802939,1536,145.3,871.8,1064561,1858,0,0,1.332,7327,0,8,8,1.3,9597,17,7.9,104.5,0,0.0,198.333333333333,1241.66666666667,224.5,1265.2,1545061.2,2473.0,9,872.843,5.0,5.0,7.0,4.0,10.0,4.0,10.0,5.0,5.0,5.0,10.0,10.0,80.0
2021-05-28 09:28:56,22.19,9.77,9.77,68.04,0.00,0.00,41.28,5.9,106.8,640.8,922752,1424,104.3,625.8,901207,2070,131.4,788.6,1135608,1739,0,0,1.338,8640,2,22,21,1.1,9647,17,6.7,140.666666666667,65927,21.6666666666667,470.5,969.5,211.4,1193.4,1718502.5,2440.6,10,990.718,26.65,9.49,9.49,63.86,0.00,0.00,35.886,4.6,115.3,691.5,806541,1800,111.9,671.4,783046,1863,145.0,870.2,1014923,1846,0,0,1.352,6998,2,12,11,1.4,9536,17,8.2,110.666666666667,70036,21.5,215.166666666667,1224.83333333333,229.7,1298.5,1514509.2,2792.5,11,861.258,3.0,7.0,5.0,3.0,8.0,5.0,10.0,5.0,6.0,7.0,6.0,10.0,75.0
2021-05-31 17:31:48,22.44,8.68,8.68,68.89,0.00,0.00,35.63,4.7,100.5,603.1,791127,1525,91.8,551.0,722827,1746,128.2,768.9,1008717,1833,0,0,1.313,7871,0,20,20,1.0,7730,23,5.9,113.833333333333,0,0.0,479.833333333333,960.166666666667,199.0,1121.9,1471689.8,2407.7,13,855.126,20.83,8.85,8.85,70.31,0.00,0.00,38.474,5.3,99.4,596.7,859233,1613,94.4,566.4,815607,2235,126.8,760.7,1095459,1906,0,0,1.313,8640,1,21,20,1.0,8836,17,6.1,127.5,34407,10.6666666666667,493.166666666667,946.833333333333,198.3,1120.5,1613544.7,2893.3,14,923.371,5.0,8.0,8.0,1.0,2.0,7.0,10.0,4.0,4.0,9.0,5.0,10.0,73.0
2021-06-04 12:55:27,25.12,10.09,10.09,64.79,0.00,0.00,41.483,5.5,118.0,708.1,927868,1573,120.5,723.2,947695,1804,151.5,909.0,1191099,1798,0,0,1.369,7862,0,13,12,1.2,9751,17,7.4,132.166666666667,0,0.0,302.0,1138.0,241.1,1360.4,1782633.4,2402.8,17,995.583,22.03,10.22,10.22,67.75,0.00,0.00,38.282,5.5,114.7,688.0,890912,1730,108.5,650.7,842702,2727,141.3,847.7,1097803,1916,0,0,1.353,7770,0,16,15,1.1,8853,20,6.8,132.333333333333,0,0.0,393.666666666667,1046.33333333333,225.3,1271.0,1645916.9,3355.3,18,918.764,6.0,10.0,5.0,0.0,4.0,5.0,9.0,5.0,5.0,7.0,7.0,10.0,73.0
2021-06-07 15:13:07,15.32,6.89,6.89,77.79,0.00,0.00,26.334,3.7,75.4,452.5,587178,1548,69.7,418.1,542543,1565,97.3,583.6,757247,1749,0,0,1.24,7785,2,21,21,0.7,5200,13,4.0,89.3333333333333,66396,21.0,519.0,921.0,149.8,848.7,1101160.3,2422.0,20,632.009,19.78,8.59,8.59,71.63,0.00,0.00,36.868,5.2,97.0,581.9,837978,1997,92.0,552.1,795055,2518,126.2,757.3,1090518,2180,0,0,1.303,8640,2,17,16,0.9,7830,15,5.4,123.666666666667,78856,21.5,429.5,1010.5,195.2,1103.2,1588568.3,3277.9,21,884.84,4.0,10.0,9.0,0.0,4.0,4.0,9.0,9.0,7.0,8.0,0.0,10.0,74.0
2021-02-19 16:31:36,31.82,27.33,27.33,40.85,0.00,0.00,41.551,15.9,267.8,1606.7,1026705,1915,265.6,1593.8,1018449,2078,328.9,1973.7,1261174,2252,0,0,1.847,3834,6,1,1,2.6,9905,17,15.5,174.666666666667,294358,76.5,10.3333333333333,26.0,521.1,3002.9,1918833.3,3143.4,0,997.221,27.28,28.44,28.44,44.28,0.00,0.00,94.725,17.1,272.2,1633.4,2352162,2029,288.6,1731.8,2493792,2358,358.4,2150.3,3096487,2292,0,0,1.872,8640,20,18,19,2.3,20215,16,14.0,409.5,914175,241.0,330.0,1110.0,556.3,3208.0,4619512.6,3519.0,1,2273.394,0.0,1.0,0.0,0.0,1.0,2.0,0.0,1.0,5.0,3.0,0.0,5.0,18.0
2021-02-22 11:06:06,24.25,25.37,25.37,50.38,0.00,0.00,79.936,14.4,238.4,1430.7,1950955,2409,242.3,1453.9,1982694,2363,278.6,1671.9,2279861,2222,0,0,1.777,8182,14,12,13,2.1,17509,20,12.8,346.0,771772,200.833333333333,275.333333333333,1164.66666666667,458.0,2637.4,3596535.4,3549.2,3,1918.471,24.02,23.07,23.07,52.92,0.00,0.00,77.673,13.8,217.5,1304.9,1879012,2105,221.9,1331.5,1917405,2070,254.2,1525.0,2196031,2393,0,0,1.709,8640,11,13,13,2.1,17821,21,12.4,332.166666666667,601755,159.833333333333,358.666666666667,1081.33333333333,418.4,2408.6,3468382.9,3123.6,4,1864.163,0.0,0.0,0.0,0.0,0.0,0.0,0.0,1.0,5.0,3.0,0.0,5.0,14.0
2021-02-24 13:10:20,27.36,24.22,24.22,48.42,0.00,0.00,80.521,13.9,238.1,1428.6,1971057,1885,251.8,1511.0,2084709,2201,285.8,1715.0,2366117,2442,0,0,1.762,8278,16,13,12,2.2,17875,20,13.0,334.166666666667,799874,212.333333333333,257.5,1182.5,466.7,2695.4,3718815.3,3502.8,5,1932.493,28.31,23.87,23.87,47.82,0.00,0.00,82.764,14.3,236.0,1416.0,2039067,2301,227.3,1363.7,1963728,2341,278.5,1671.1,2406335,2530,0,0,1.746,8640,10,11,11,2.1,17970,17,12.5,343.666666666667,603541,150.5,248.833333333333,1191.16666666667,447.3,2580.2,3715436.7,3596.6,6,1986.328,0.0,0.0,0.0,0.0,0.0,1.0,0.0,0.0,5.0,3.0,0.0,5.0,14.0
2021-02-26 11:37:33,25.42,26.96,26.96,47.63,0.00,0.00,88.86,16.2,252.5,1515.1,2181678,2199,250.1,1500.4,2160521,2153,302.3,1813.5,2611460,2416,0,0,1.821,8640,19,19,20,2.1,17952,15,12.5,388.166666666667,1012745,261.333333333333,359.833333333333,1080.16666666667,485.5,2799.2,4030793.1,3507.1,7,2132.636,28.70,29.86,29.86,41.44,0.00,0.00,94.67,17.6,283.9,1703.6,2310367,2302,290.6,1743.6,2364580,2340,342.4,2054.7,2786484,2642,0,0,1.926,8137,19,13,14,2.5,20004,15,14.8,405.0,878228,230.666666666667,266.0,1174.0,552.3,3188.1,4323601.2,3792.5,8,2272.07,0.0,0.0,0.0,0.0,0.0,3.0,0.0,0.0,5.0,3.0,0.0,5.0,16.0
2021-03-15 09:30:07,22.54,12.08,12.08,65.38,0.00,0.00,48.611,6.9,128.1,768.9,1060799,1724,156.9,941.3,1298731,1397,196.2,1177.4,1624399,2145,0,0,1.429,8278,2,24,24,1.4,11374,15,8.2,166.666666666667,56136,20.6666666666667,570.666666666667,869.333333333333,295.7,1692.2,2334666.8,2446.5,7,1166.666,28.70,13.46,13.46,57.84,0.00,0.00,57.998,8.1,149.5,896.9,1291485,1957,174.5,1047.2,1507938,1950,206.3,1237.9,1782634,2336,0,0,1.481,8640,4,21,21,1.7,15087,18,10.5,193.833333333333,172827,52.3333333333333,501.333333333333,938.666666666667,324.4,1853.0,2668256.8,2935.2,8,1391.94,0.0,5.0,0.0,0.0,0.0,5.0,3.0,0.0,6.0,3.0,6.0,6.0,34.0
2021-03-17 07:37:53,23.65,11.18,11.18,65.17,0.00,0.00,48.374,6.7,123.5,741.1,1067222,1865,140.6,843.5,1214634,1883,163.2,979.0,1409821,2545,0,0,1.401,8640,0,21,22,1.2,10623,14,7.4,161.0,0,0.0,510.166666666667,929.833333333333,263.5,1489.7,2145202.5,2694.1,9,1160.978,22.00,10.89,10.89,67.10,0.00,0.00,41.83,6.1,118.8,712.7,922584,1612,125.0,750.1,970988,1498,147.1,882.8,1142807,2049,0,0,1.389,7767,1,23,23,1.1,8862,15,6.8,141.0,39623,12.1666666666667,490.666666666667,949.333333333333,239.8,1360.1,1760677.9,2373.7,10,1003.925,0.0,1.0,0.0,0.0,0.0,2.0,2.0,2.0,1.0,2.0,0.0,2.0,12.0
2021-03-19 08:27:58,26.43,12.83,12.83,60.74,0.00,0.00,51.037,7.5,138.4,830.5,1123310,1451,153.0,917.7,1241214,1492,167.2,1003.3,1356934,2187,0,0,1.452,8115,2,18,18,1.4,11329,17,8.4,173.5,73745,23.1666666666667,386.833333333333,1053.16666666667,280.9,1593.3,2154926.3,2683.4,11,1224.897,32.00,16.30,16.30,51.70,0.00,0.00,58.09,8.7,174.9,1049.2,1289643,1504,188.1,1128.5,1387061,1518,249.0,1494.0,1836407,2108,0,0,1.573,7375,7,9,10,1.8,13134,21,10.7,200.333333333333,224696,73.1666666666667,185.5,1254.5,379.3,2146.2,2638087.9,2348.0,12,1394.161,0.0,2.0,0.0,0.0,0.0,2.0,2.0,2.0,3.0,3.0,1.0,3.0,18.0
2021-03-22 09:27:43,21.17,8.72,8.72,70.11,0.00,0.00,37.698,5.0,100.3,601.6,827617,1942,113.3,679.8,935206,1579,140.4,842.3,1158760,2363,0,0,1.321,8254,1,27,28,1.0,8503,15,6.2,120.0,31437,10.1666666666667,606.166666666667,833.833333333333,218.3,1238.4,1703609.4,3079.1,14,904.742,26.26,11.80,11.80,61.93,0.00,0.00,49.639,6.7,133.5,801.3,1097325,1748,143.9,863.6,1182710,1638,204.8,1228.9,1683019,2300,0,0,1.43,8217,2,20,20,1.4,11386,18,8.3,161.666666666667,61862,20.8333333333333,430.166666666667,1009.83333333333,302.5,1702.4,2331411.2,2959.3,15,1191.347,0.0,1.0,0.0,0.0,0.0,2.0,3.0,2.0,4.0,1.0,1.0,4.0,18.0
2021-03-24 10:20:36,27.04,14.20,14.20,58.76,0.00,0.00,52.159,8.0,150.7,904.4,1166657,1835,163.1,978.9,1262761,1754,184.8,1108.8,1430373,1874,0,0,1.491,7740,2,20,19,1.5,11894,14,9.2,183.166666666667,105963,30.0,472.833333333333,967.166666666667,305.5,1733.7,2236430.4,2958.7,16,1251.805,24.71,9.83,9.83,65.46,0.00,0.00,42.508,5.6,113.2,679.1,936156,1632,124.7,748.4,1031681,1675,141.7,850.0,1171770,1999,0,0,1.358,8271,1,17,17,1.1,9010,14,6.5,135.5,42961,12.6666666666667,371.5,1068.5,233.7,1320.6,1820384.2,2582.8,17,1020.201,0.0,3.0,0.0,0.0,0.0,3.0,2.0,2.0,3.0,3.0,2.0,3.0,21.0
2021-03-26 11:25:18,26.44,13.93,13.93,59.64,0.00,0.00,51.976,7.6,148.7,892.0,1165640,1982,161.1,966.5,1263054,1403,187.8,1126.5,1472194,2244,0,0,1.483,7841,3,19,20,1.5,11428,15,8.7,182.0,111783,35.1666666666667,377.666666666667,1062.33333333333,305.0,1731.7,2263046.0,2430.4,18,1247.413,28.03,15.69,15.69,56.27,0.00,0.00,63.841,9.4,163.6,981.4,1413226,1663,178.6,1071.8,1543395,1826,214.4,1286.3,1852286,2183,0,0,1.543,8640,5,17,17,1.7,14748,18,10.2,226.0,188298,59.0,417.666666666667,1022.33333333333,339.8,1940.8,2794680.5,2676.5,19,1532.183,0.0,2.0,3.0,0.0,0.0,3.0,4.0,2.0,3.0,3.0,0.0,4.0,24.0
2021-05-19 13:20:40,24.09,5.80,5.80,70.12,0.00,0.00,32.824,3.5,83.5,500.8,721207,1801,74.4,446.3,642615,1752,104.5,626.7,902469,1904,0,0,1.24,8640,0,10,10,0.9,7363,14,5.1,83.5,0,0.0,163.166666666667,1276.83333333333,163.7,918.0,1321947.0,2401.7,2,787.783,21.54,4.32,4.32,74.14,0.00,0.00,26.024,2.6,66.3,397.9,573038,1697,58.0,348.2,501448,1450,83.2,499.4,719187,1862,0,0,1.184,8640,1,11,12,0.6,5396,12,3.7,62.1666666666667,31816,10.1666666666667,170.833333333333,1269.16666666667,130.0,727.4,1047402.8,2252.3,3,624.573,5.0,5.0,4.0,0.0,5.0,8.0,6.0,3.0,5.0,6.0,6.0,8.0,61.0
2021-05-21 15:16:42,25.46,5.03,5.03,69.50,0.00,0.00,30.466,3.0,76.9,461.6,664757,1599,63.0,377.8,543974,1375,100.9,605.6,872066,1639,0,0,1.212,8640,0,8,9,0.7,5695,10,4.0,72.5,0,0.0,106.666666666667,1333.33333333333,153.5,850.0,1224054.2,2377.3,4,731.182,28.44,7.79,7.79,63.77,0.00,0.00,41.461,4.7,106.6,639.7,921148,1792,83.2,499.3,718990,1441,126.5,759.1,1093172,1845,0,0,1.313,8640,0,9,10,0.9,7681,13,5.3,112.166666666667,0,0.0,102.833333333333,1337.16666666667,199.3,1111.2,1600151.6,2375.3,5,995.059,6.0,7.0,6.0,0.0,6.0,8.0,0.0,0.0,7.0,5.0,0.0,8.0,53.0
2021-05-31 09:11:55,22.47,9.08,9.08,68.45,0.00,0.00,34.415,4.9,104.3,625.7,783381,2717,77.1,462.7,579323,1830,125.5,752.9,942691,1917,0,0,1.321,7512,1,16,16,0.8,6195,12,4.9,113.666666666667,52806,13.6666666666667,375.5,1064.5,193.9,1082.8,1355716.5,2762.3,14,825.967,23.61,9.81,9.81,66.58,0.00,0.00,40.587,5.6,111.5,669.0,919474,2463,85.0,509.7,700510,1589,143.1,858.8,1180330,2113,0,0,1.345,8246,1,11,10,0.9,7571,14,5.5,134.833333333333,54021,14.5,372.5,1067.5,215.0,1202.1,1652067.1,2693.0,15,974.094,4.0,4.0,2.0,3.0,1.0,6.0,2.0,2.0,5.0,4.0,6.0,6.0,45.0
2021-06-02 05:49:07,24.96,10.01,10.01,65.03,0.00,0.00,41.962,5.7,115.2,691.3,943609,1966,98.1,588.6,803407,1797,167.0,1001.7,1367339,2260,0,0,1.358,8190,1,13,12,1.0,8192,16,6.0,136.666666666667,50419,12.5,275.666666666667,1164.33333333333,240.0,1351.9,1845393.4,2688.1,16,1007.096,29.72,9.49,9.49,60.79,0.00,0.00,47.623,5.7,119.5,716.8,1032190,1867,111.1,666.7,959989,1684,186.6,1119.7,1612432,2131,0,0,1.366,8640,1,10,9,1.2,10563,17,7.3,136.666666666667,31074,10.6666666666667,212.666666666667,1227.33333333333,262.6,1487.3,2141712.4,2712.2,17,1142.951,7.0,7.0,5.0,0.0,0.0,2.0,3.0,2.0,7.0,4.0,4.0,7.0,48.0
2021-06-04 07:09:19,26.54,6.81,6.81,66.66,0.00,0.00,37.725,4.1,95.8,574.7,827570,1761,77.7,466.0,670990,1478,145.5,872.9,1256982,2197,0,0,1.28,8640,1,18,18,0.9,7701,15,5.3,98.0,38446,11.5,296.5,1143.5,205.2,1144.3,1647757.1,3110.0,18,905.407,23.89,9.72,9.72,66.39,0.00,0.00,43.679,5.8,111.1,666.7,960033,1705,91.5,549.3,790984,1651,149.1,894.5,1288089,2476,0,0,1.352,8640,0,14,14,1.1,9154,15,6.4,140.0,0,0.0,217.166666666667,1222.83333333333,219.9,1243.5,1790668.1,2989.7,19,1048.289,0.0,4.0,0.0,0.0,0.0,6.0,2.0,0.0,7.0,3.0,2.0,7.0,31.0
2021-05-14 08:26:19,31.82,9.09,9.09,59.09,0.00,0.00,0.11,0.2,125.3,751.6,2756,1143,102.2,613.1,2248,866,105.8,634.6,2327,1021,0,0,1.339,22,0,0,0,2.0,44,15,12.0,0.333333333333333,0,0.0,0.0,0.0,199.4,1159.1,4250.2,1760.4,1,2.634,42.92,31.16,31.16,25.92,0.00,0.00,67.939,17.7,307.7,1846.3,1572107,2155,329.5,1977.1,1683463,2777,369.2,2215.3,1886313,2233,0,0,2.014,5109,12,1,1,3.5,17681,33,20.8,265.333333333333,455563,135.333333333333,11.0,701.333333333333,615.9,3496.4,2977204.2,3171.0,2,1630.541,0.0,0.0,1.0,0.0,0.0,0.0,0.0,0.0,1.0,0.0,0.0,1.0,3.0
2021-05-14 08:26:55,31.82,9.09,9.09,59.09,0.00,0.00,0.11,0.2,125.3,751.6,2756,1143,102.2,613.1,2248,866,105.8,634.6,2327,1021,0,0,1.339,22,0,0,0,2.0,44,15,12.0,0.333333333333333,0,0.0,0.0,0.0,199.4,1159.1,4250.2,1760.4,1,2.634,42.92,31.16,31.16,25.92,0.00,0.00,67.939,17.7,307.7,1846.3,1572107,2155,329.5,1977.1,1683463,2777,369.2,2215.3,1886313,2233,0,0,2.014,5109,12,1,1,3.5,17681,33,20.8,265.333333333333,455563,135.333333333333,11.0,701.333333333333,615.9,3496.4,2977204.2,3171.0,2,1630.541,0.0,0.0,0.0,0.0,0.0,0.0,0.0,0.0,0.0,0.0,0.0,0.0,0.0
2021-05-17 14:11:30,25.60,15.10,15.10,59.30,0.00,0.00,55.66,8.6,164.2,984.9,1346568,5740,155.2,931.0,1272771,4930,172.7,1036.1,1416508,4642,0,0,1.504,8203,3,17,18,1.6,12784,21,9.4,206.5,122208,36.5,309.333333333333,1130.66666666667,304.4,1705.9,2332313.5,7538.5,4,1335.835,24.43,23.07,23.07,52.50,0.00,0.00,78.766,13.8,248.8,1492.7,2149423,4210,208.6,1251.7,1802513,4171,243.8,1462.7,2106301,2558,0,0,1.72,8640,14,14,15,2.5,21589,27,15.0,332.166666666667,1096857,217.333333333333,260.5,1179.5,437.0,2436.1,3507930.5,5178.8,5,1890.389,2.0,2.0,2.0,3.0,3.0,3.0,3.0,3.0,2.0,3.0,0.0,3.0,29.0
2021-05-17 14:12:55,25.60,15.10,15.10,59.30,0.00,0.00,55.66,8.6,164.2,984.9,1346568,5740,155.2,931.0,1272771,4930,172.7,1036.1,1416508,4642,0,0,1.504,8203,3,17,18,1.6,12784,21,9.4,206.5,122208,36.5,309.333333333333,1130.66666666667,304.4,1705.9,2332313.5,7538.5,4,1335.835,24.43,23.07,23.07,52.50,0.00,0.00,78.766,13.8,248.8,1492.7,2149423,4210,208.6,1251.7,1802513,4171,243.8,1462.7,2106301,2558,0,0,1.72,8640,14,14,15,2.5,21589,27,15.0,332.166666666667,1096857,217.333333333333,260.5,1179.5,437.0,2436.1,3507930.5,5178.8,5,1890.389,0.0,0.0,0.0,0.0,0.0,0.0,0.0,0.0,0.0,0.0,0.0,0.0,0.0
2021-05-19 14:05:03,28.62,14.46,14.46,56.92,0.00,0.00,60.442,8.7,159.1,954.3,1374257,2423,146.9,881.2,1268995,1681,195.8,1174.6,1691381,2580,0,0,1.507,8640,7,13,14,1.8,15496,23,10.8,208.166666666667,282626,79.5,277.333333333333,1162.66666666667,310.8,1751.3,2521844.6,2843.1,6,1450.599,24.16,21.88,21.88,53.97,0.00,0.00,74.35,13.1,237.3,1423.9,2050467,5537,202.2,1213.4,1747274,5835,226.7,1360.2,1958621,2547,0,0,1.676,8640,9,15,16,2.3,19685,28,13.7,315.0,933962,173.0,296.833333333333,1143.16666666667,410.7,2313.0,3330702.3,8234.7,7,1784.4,0.0,0.0,0.0,0.0,0.0,0.0,0.0,0.0,0.0,0.0,0.0,0.0,0.0
2021-05-19 14:06:44,28.62,14.46,14.46,56.92,0.00,0.00,60.442,8.7,159.1,954.3,1374257,2423,146.9,881.2,1268995,1681,195.8,1174.6,1691381,2580,0,0,1.507,8640,7,13,14,1.8,15496,23,10.8,208.166666666667,282626,79.5,277.333333333333,1162.66666666667,310.8,1751.3,2521844.6,2843.1,6,1450.599,24.16,21.88,21.88,53.97,0.00,0.00,74.35,13.1,237.3,1423.9,2050467,5537,202.2,1213.4,1747274,5835,226.7,1360.2,1958621,2547,0,0,1.676,8640,9,15,16,2.3,19685,28,13.7,315.0,933962,173.0,296.833333333333,1143.16666666667,410.7,2313.0,3330702.3,8234.7,7,1784.4,0.0,0.0,0.0,0.0,0.0,0.0,0.0,0.0,0.0,0.0,0.0,0.0,0.0
2021-05-21 14:26:01,21.37,24.83,24.83,53.81,0.00,0.00,80.389,14.9,255.7,1534.4,2209577,5542,221.3,1328.0,1912330,5427,235.7,1414.0,2036154,3075,0,0,1.751,8640,14,15,16,2.4,20870,30,14.5,357.5,1177695,232.166666666667,308.666666666667,1131.33333333333,439.9,2473.3,3561623.2,7667.5,8,1929.325,24.53,14.87,14.87,60.60,0.00,0.00,55.934,8.9,158.4,950.3,1368418,5040,156.3,938.0,1350683,4162,170.3,1021.6,1471165,2753,0,0,1.485,8640,5,12,13,1.5,12902,28,9.0,214.166666666667,202073,57.6666666666667,267.833333333333,1172.16666666667,300.0,1681.2,2420999.6,6500.9,9,1342.411,0.0,0.0,0.0,0.0,0.0,0.0,0.0,0.0,0.0,0.0,0.0,0.0,0.0
2021-05-21 14:29:45,21.37,24.83,24.83,53.81,0.00,0.00,80.389,14.9,255.7,1534.4,2209577,5542,221.3,1328.0,1912330,5427,235.7,1414.0,2036154,3075,0,0,1.751,8640,14,15,16,2.4,20870,30,14.5,357.5,1177695,232.166666666667,308.666666666667,1131.33333333333,439.9,2473.3,3561623.2,7667.5,8,1929.325,24.53,14.87,14.87,60.60,0.00,0.00,55.934,8.9,158.4,950.3,1368418,5040,156.3,938.0,1350683,4162,170.3,1021.6,1471165,2753,0,0,1.485,8640,5,12,13,1.5,12902,28,9.0,214.166666666667,202073,57.6666666666667,267.833333333333,1172.16666666667,300.0,1681.2,2420999.6,6500.9,9,1342.411,0.0,0.0,0.0,0.0,0.0,0.0,0.0,0.0,0.0,0.0,0.0,0.0,0.0
2021-05-21 14:30:44,21.37,24.83,24.83,53.81,0.00,0.00,80.389,14.9,255.7,1534.4,2209577,5542,221.3,1328.0,1912330,5427,235.7,1414.0,2036154,3075,0,0,1.751,8640,14,15,16,2.4,20870,30,14.5,357.5,1177695,232.166666666667,308.666666666667,1131.33333333333,439.9,2473.3,3561623.2,7667.5,8,1929.325,24.53,14.87,14.87,60.60,0.00,0.00,55.934,8.9,158.4,950.3,1368418,5040,156.3,938.0,1350683,4162,170.3,1021.6,1471165,2753,0,0,1.485,8640,5,12,13,1.5,12902,28,9.0,214.166666666667,202073,57.6666666666667,267.833333333333,1172.16666666667,300.0,1681.2,2420999.6,6500.9,9,1342.411,0.0,0.0,0.0,0.0,0.0,0.0,0.0,0.0,0.0,0.0,0.0,0.0,0.0
2021-05-21 14:55:26,21.37,24.83,24.83,53.81,0.00,0.00,80.389,14.9,255.7,1534.4,2209577,5542,221.3,1328.0,1912330,5427,235.7,1414.0,2036154,3075,0,0,1.751,8640,14,15,16,2.4,20870,30,14.5,357.5,1177695,232.166666666667,308.666666666667,1131.33333333333,439.9,2473.3,3561623.2,7667.5,8,1929.325,24.53,14.87,14.87,60.60,0.00,0.00,55.934,8.9,158.4,950.3,1368418,5040,156.3,938.0,1350683,4162,170.3,1021.6,1471165,2753,0,0,1.485,8640,5,12,13,1.5,12902,28,9.0,214.166666666667,202073,57.6666666666667,267.833333333333,1172.16666666667,300.0,1681.2,2420999.6,6500.9,9,1342.411,0.0,0.0,0.0,0.0,0.0,0.0,0.0,0.0,0.0,0.0,0.0,0.0,0.0
2021-05-21 15:46:35,21.37,24.83,24.83,53.81,0.00,0.00,80.389,14.9,255.7,1534.4,2209577,5542,221.3,1328.0,1912330,5427,235.7,1414.0,2036154,3075,0,0,1.751,8640,14,15,16,2.4,20870,30,14.5,357.5,1177695,232.166666666667,308.666666666667,1131.33333333333,439.9,2473.3,3561623.2,7667.5,8,1929.325,24.53,14.87,14.87,60.60,0.00,0.00,55.934,8.9,158.4,950.3,1368418,5040,156.3,938.0,1350683,4162,170.3,1021.6,1471165,2753,0,0,1.485,8640,5,12,13,1.5,12902,28,9.0,214.166666666667,202073,57.6666666666667,267.833333333333,1172.16666666667,300.0,1681.2,2420999.6,6500.9,9,1342.411,0.0,0.0,0.0,0.0,0.0,0.0,0.0,0.0,0.0,0.0,0.0,0.0,0.0
2021-05-24 14:48:37,25.81,15.10,15.10,59.09,0.00,0.00,58.673,9.1,156.7,940.5,1354293,2338,142.6,855.8,1232369,1884,174.8,1048.9,1510406,2583,0,0,1.502,8640,9,14,15,1.7,14452,35,10.0,217.5,379592,107.166666666667,261.333333333333,1178.66666666667,294.3,1648.4,2373640.5,2887.3,11,1408.147,31.32,19.00,19.00,49.68,0.00,0.00,75.286,11.4,204.6,1227.5,1767671,5326,217.4,1304.2,1878027,5038,227.7,1365.9,1966961,4548,0,0,1.648,8640,12,15,16,2.3,19785,29,13.7,273.666666666667,437978,136.0,313.333333333333,1126.66666666667,398.3,2252.5,3243544.6,7761.5,12,1806.869,0.0,0.0,0.0,0.0,0.0,0.0,0.0,0.0,0.0,0.0,0.0,0.0,0.0
2021-05-26 14:35:56,22.23,12.26,12.26,65.51,0.00,0.00,48.519,7.4,129.2,775.4,1116620,1789,114.7,688.1,990865,1843,133.4,800.2,1152315,2356,0,0,1.414,8640,5,10,11,1.2,10789,26,7.5,176.5,201942,59.3333333333333,137.166666666667,1302.83333333333,232.7,1309.6,1885864.1,2629.0,13,1164.462,29.07,19.29,19.29,51.64,0.00,0.00,69.791,11.1,199.4,1196.5,1649818,2007,192.3,1154.0,1591120,2278,235.9,1415.6,1951812,2851,0,0,1.636,8273,9,11,12,2.1,17219,23,12.5,266.0,412639,117.166666666667,212.833333333333,1227.16666666667,385.5,2183.4,3010503.7,2974.2,14,1674.979,0.0,0.0,0.0,0.0,0.0,0.0,0.0,0.0,0.0,0.0,0.0,0.0,0.0
2021-05-26 14:40:34,22.23,12.26,12.26,65.51,0.00,0.00,48.519,7.4,129.2,775.4,1116620,1789,114.7,688.1,990865,1843,133.4,800.2,1152315,2356,0,0,1.414,8640,5,10,11,1.2,10789,26,7.5,176.5,201942,59.3333333333333,137.166666666667,1302.83333333333,232.7,1309.6,1885864.1,2629.0,13,1164.462,29.07,19.29,19.29,51.64,0.00,0.00,69.791,11.1,199.4,1196.5,1649818,2007,192.3,1154.0,1591120,2278,235.9,1415.6,1951812,2851,0,0,1.636,8273,9,11,12,2.1,17219,23,12.5,266.0,412639,117.166666666667,212.833333333333,1227.16666666667,385.5,2183.4,3010503.7,2974.2,14,1674.979,0.0,0.0,0.0,0.0,0.0,0.0,0.0,0.0,0.0,0.0,0.0,0.0,0.0
2021-05-28 15:29:05,27.62,26.28,26.28,46.10,0.00,0.00,89.242,15.8,278.0,1668.0,2401945,3188,240.6,1443.5,2078626,4175,271.9,1631.5,2349314,2223,0,0,1.818,8640,15,17,18,2.7,23636,30,16.4,378.5,1213794,250.0,323.0,1117.0,489.9,2743.7,3950860.9,5264.8,15,2141.815,27.11,16.79,16.79,56.10,0.00,0.00,64.031,10.1,183.9,1103.7,1589304,5617,178.4,1070.4,1541400,5499,199.8,1198.9,1726406,4008,0,0,1.555,8640,6,12,13,1.7,14878,28,10.3,241.833333333333,254410,73.6666666666667,207.833333333333,1232.16666666667,347.3,1949.7,2807539.6,7884.4,16,1536.749,0.0,0.0,0.0,0.0,0.0,0.0,0.0,0.0,0.0,0.0,0.0,0.0,0.0
2021-05-28 15:32:30,27.62,26.28,26.28,46.10,0.00,0.00,89.242,15.8,278.0,1668.0,2401945,3188,240.6,1443.5,2078626,4175,271.9,1631.5,2349314,2223,0,0,1.818,8640,15,17,18,2.7,23636,30,16.4,378.5,1213794,250.0,323.0,1117.0,489.9,2743.7,3950860.9,5264.8,15,2141.815,27.11,16.79,16.79,56.10,0.00,0.00,64.031,10.1,183.9,1103.7,1589304,5617,178.4,1070.4,1541400,5499,199.8,1198.9,1726406,4008,0,0,1.555,8640,6,12,13,1.7,14878,28,10.3,241.833333333333,254410,73.6666666666667,207.833333333333,1232.16666666667,347.3,1949.7,2807539.6,7884.4,16,1536.749,0.0,0.0,0.0,0.0,0.0,0.0,0.0,0.0,0.0,0.0,0.0,0.0,0.0
2021-05-28 16:03:27,27.62,26.28,26.28,46.10,0.00,0.00,89.242,15.8,278.0,1668.0,2401945,3188,240.6,1443.5,2078626,4175,271.9,1631.5,2349314,2223,0,0,1.818,8640,15,17,18,2.7,23636,30,16.4,378.5,1213794,250.0,323.0,1117.0,489.9,2743.7,3950860.9,5264.8,15,2141.815,27.11,16.79,16.79,56.10,0.00,0.00,64.031,10.1,183.9,1103.7,1589304,5617,178.4,1070.4,1541400,5499,199.8,1198.9,1726406,4008,0,0,1.555,8640,6,12,13,1.7,14878,28,10.3,241.833333333333,254410,73.6666666666667,207.833333333333,1232.16666666667,347.3,1949.7,2807539.6,7884.4,16,1536.749,0.0,0.0,0.0,0.0,0.0,0.0,0.0,0.0,0.0,0.0,0.0,0.0,0.0
2021-05-31 14:08:28,26.13,23.77,23.77,50.11,0.00,0.00,80.247,14.1,248.2,1489.2,2117654,4826,217.1,1302.8,1852513,4757,239.1,1434.7,2040175,2418,0,0,1.738,8532,11,11,12,2.4,20673,28,14.5,338.0,911134,183.833333333333,161.166666666667,1278.83333333333,435.4,2444.0,3475424.7,6756.4,18,1925.937,26.15,23.39,23.39,50.45,0.00,0.00,74.849,13.5,257.5,1544.8,2051488,5565,233.8,1402.7,1862765,4791,242.7,1456.1,1933673,3207,0,0,1.736,7968,10,13,14,2.5,20150,27,15.2,310.666666666667,874281,165.0,260.833333333333,1179.16666666667,452.1,2544.4,3378992.1,6877.0,19,1796.372,0.0,0.0,0.0,0.0,0.0,0.0,0.0,0.0,0.0,0.0,0.0,0.0,0.0
2021-06-02 14:58:30,25.50,23.51,23.51,51.00,0.00,0.00,80.659,14.1,242.0,1452.3,2091270,3395,240.3,1441.7,2076063,3475,294.8,1768.6,2546797,5306,0,0,1.733,8640,13,15,16,2.3,20091,22,14.0,338.5,789975,166.166666666667,235.5,1204.5,475.1,2704.7,3894820.0,6219.1,20,1935.81,21.74,21.96,21.96,56.31,0.00,0.00,72.679,13.2,214.5,1286.9,1853164,5332,190.0,1139.7,1641235,4714,224.2,1345.2,1937132,3039,0,0,1.668,8640,9,14,15,2.1,18574,26,12.9,316.166666666667,698841,163.833333333333,278.166666666667,1161.83333333333,385.8,2182.8,3143302.3,7228.1,21,1744.285,0.0,0.0,0.0,0.0,0.0,0.0,0.0,0.0,0.0,0.0,0.0,0.0,0.0
2021-05-14 13:38:54,26.92,7.69,7.69,65.38,0.00,0.00,0.114,0.2,85.4,512.5,2221,589,73.2,439.2,1903,586,134.4,806.3,3494,790,0,0,1.3,26,0,0,0,1.2,32,10,7.4,0.333333333333333,0,0.0,0.0,0.0,182.3,1051.5,4556.6,1085.4,2,2.744,44.42,12.48,12.48,43.10,0.00,0.00,37.542,7.3,169.8,1018.5,833828,1904,176.8,1060.5,868224,1903,206.7,1239.9,1015094,2001,0,0,1.5,4912,0,4,3,1.8,8740,14,10.7,102.166666666667,0,0.0,77.5,286.166666666667,342.6,1923.4,1574642.1,2774.5,3,901.004,0.0,1.0,0.0,0.0,1.0,0.0,0.0,0.0,1.0,0.0,0.0,1.0,4.0
2021-05-17 07:07:29,30.67,7.59,7.59,61.74,0.00,0.00,41.682,4.4,110.1,660.8,911303,1481,124.9,749.4,1033601,1466,142.8,856.9,1181812,1868,0,0,1.322,8275,0,20,21,1.1,9164,17,6.6,104.666666666667,0,0.0,427.333333333333,1012.66666666667,235.5,1316.3,1815346.7,2092.0,5,1000.372,30.91,7.23,7.23,61.85,0.00,0.00,41.752,4.3,106.7,640.4,922234,1594,116.5,698.7,1006138,1677,135.5,813.0,1170695,1599,0,0,1.304,8640,0,18,18,1.0,8690,11,6.0,104.166666666667,0,0.0,505.833333333333,934.166666666667,222.8,1248.7,1798153.5,2522.2,6,1002.048,0.0,1.0,0.0,0.0,0.0,0.0,0.0,0.0,1.0,0.0,0.0,1.0,3.0
2021-05-19 11:23:25,30.17,7.38,7.38,62.44,0.00,0.00,42.255,4.4,107.4,644.4,927877,1542,120.3,721.8,1039458,1381,138.9,833.5,1200273,1632,0,0,1.312,8640,0,20,19,1.0,8544,12,5.9,106.333333333333,0,0.0,496.833333333333,943.166666666667,228.2,1277.1,1839044.3,2353.0,7,1014.115,30.91,7.54,7.54,61.55,0.00,0.00,40.63,4.3,108.7,652.3,893700,1768,114.8,688.7,943665,1526,135.2,811.1,1111368,1834,0,0,1.314,8221,0,19,18,1.0,8224,12,6.0,103.333333333333,0,0.0,401.5,1038.5,223.4,1248.1,1710070.8,2440.5,8,975.113,0.0,1.0,0.0,0.0,1.0,0.0,1.0,0.0,0.0,0.0,0.0,1.0,4.0
2021-05-21 13:13:20,29.35,6.57,6.57,64.07,0.00,0.00,38.769,3.9,100.1,600.3,864439,1758,104.7,627.9,904185,1630,124.9,749.2,1078865,1461,0,0,1.281,8640,0,20,20,0.9,7854,10,5.5,94.6666666666667,0,0.0,444.166666666667,995.833333333333,206.0,1147.1,1651894.4,2307.4,9,930.464,30.46,6.92,6.92,62.62,0.00,0.00,40.838,4.2,104.0,623.9,898425,1773,111.5,668.9,963207,1574,129.8,779.1,1121852,1742,0,0,1.295,8640,0,16,17,1.0,8481,12,5.9,99.6666666666667,0,0.0,428.5,1011.5,214.6,1201.5,1730169.7,2566.8,10,980.104,0.0,1.0,0.0,0.0,1.0,0.0,1.0,0.0,0.0,0.0,0.0,1.0,4.0
2021-05-24 09:50:57,33.12,9.02,9.02,57.86,0.00,0.00,42.906,4.9,121.6,729.6,949034,1746,130.6,783.5,1019143,1451,156.7,940.0,1222787,1634,0,0,1.356,7805,0,14,13,1.2,9601,15,7.4,117.333333333333,0,0.0,322.166666666667,1117.83333333333,253.4,1424.7,1853247.4,2374.6,12,1029.734,33.41,7.87,7.87,58.72,0.00,0.00,43.051,4.5,116.1,696.8,954668,1997,131.7,790.1,1082403,1553,151.7,909.9,1246570,1935,0,0,1.33,8220,0,18,18,1.2,9810,17,7.2,107.833333333333,0,0.0,342.833333333333,1097.16666666667,248.6,1392.0,1907072.1,2832.7,13,1033.218,0.0,1.0,0.0,0.0,1.0,0.0,0.0,1.0,0.0,0.0,0.0,1.0,4.0
2021-05-26 08:41:58,26.35,4.87,4.87,68.78,0.00,0.00,27.259,2.8,78.3,469.8,611518,1801,86.1,516.8,672666,1347,92.1,552.6,719252,1522,0,0,1.207,7810,0,24,24,0.8,6138,9,4.7,63.3333333333333,0,0.0,451.833333333333,988.166666666667,161.5,890.6,1159205.4,2379.7,14,654.212,20.65,5.69,5.69,73.66,0.00,0.00,29.885,3.4,79.3,476.0,685371,1670,83.6,501.7,722424,1450,84.2,505.0,727271,1718,0,0,1.225,8640,0,28,28,0.7,6113,18,4.2,82.0,0,0.0,734.666666666667,705.333333333333,152.8,856.3,1233107.0,2375.3,15,717.25,1.0,1.0,1.0,0.0,1.0,0.0,0.0,0.0,1.0,0.0,0.0,1.0,6.0
2021-05-28 19:58:52,33.16,9.29,9.29,57.55,0.00,0.00,47.174,5.5,127.8,766.7,1052362,1882,131.4,788.1,1081804,1572,152.7,916.4,1257970,1839,0,0,1.373,8236,0,15,16,1.1,9383,10,6.8,127.5,0,0.0,392.5,1047.5,254.6,1431.3,1964753.0,2503.0,16,1132.172,32.71,11.26,11.26,56.03,0.00,0.00,54.235,6.8,142.3,853.9,1229668,2601,126.9,761.2,1096092,1463,159.0,953.9,1373604,1864,0,0,1.426,8640,0,16,16,1.2,10618,13,7.4,162.166666666667,0,0.0,411.666666666667,1028.33333333333,265.9,1489.5,2144828.4,3122.1,17,1301.65,0.0,0.0,0.0,0.0,1.0,0.0,0.0,0.0,0.0,0.0,0.0,1.0,2.0
2021-05-31 20:17:31,30.44,11.81,11.81,57.75,0.00,0.00,52.0,6.8,140.1,840.7,1155422,2149,128.6,771.4,1060184,1605,153.1,918.8,1262775,1724,0,0,1.437,8246,1,18,18,1.2,10301,12,7.5,162.333333333333,30881,10.0,388.5,1051.5,260.4,1465.0,2013353.1,2501.0,19,1247.993,33.58,11.34,11.34,55.08,0.00,0.00,55.202,6.8,143.6,861.6,1240768,1845,128.8,773.1,1113198,1958,154.9,929.5,1338502,2064,0,0,1.433,8640,1,17,16,1.2,10388,11,7.2,163.333333333333,32425,10.1666666666667,404.333333333333,1035.66666666667,265.4,1484.6,2137826.6,2661.1,20,1324.85,0.0,1.0,1.0,0.0,1.0,0.0,0.0,0.0,1.0,0.0,0.0,1.0,5.0
2021-06-02 20:07:32,29.33,7.40,7.40,63.26,0.00,0.00,39.235,4.2,103.8,622.6,855043,1548,114.8,689.1,946307,1607,138.6,831.4,1141803,1845,0,0,1.305,8240,0,21,21,1.0,7852,14,5.7,101.666666666667,0,0.0,465.0,975.0,222.1,1246.5,1711814.7,2436.7,21,941.634,23.32,6.63,6.63,70.06,0.00,0.00,29.477,3.8,91.1,546.7,663941,2042,86.2,517.5,628479,1304,97.9,587.7,713730,1768,0,0,1.264,7287,0,20,20,0.8,5591,10,4.6,80.5,0,0.0,510.833333333333,929.166666666667,171.8,955.0,1159833.6,2426.6,22,707.442,0.0,2.0,2.0,0.0,0.0,0.0,0.0,0.0,0.0,0.0,0.0,2.0,6.0
2021-05-21 07:38:05,30.60,7.92,7.92,61.48,0.00,0.00,19.573,4.3,105.1,630.5,448528,1714,83.2,499.3,355151,1879,125.1,750.8,534069,1695,0,0,1.295,4268,0,3,3,1.0,4297,19,6.0,56.3333333333333,0,0.0,40.5,275.5,198.7,1100.3,782648.9,2905.4,3,469.755,15.60,3.43,3.43,80.97,0.00,0.00,17.075,1.9,50.3,301.7,392986,2063,40.9,245.4,319577,1939,57.7,346.2,450985,1440,0,0,1.134,7815,0,14,14,0.4,3487,11,2.7,44.6666666666667,0,0.0,236.5,1203.5,93.5,520.7,678199.8,3085.2,4,409.793,1.0,1.0,3.0,0.0,1.0,4.0,2.0,1.0,5.0,3.0,0.0,5.0,26.0
2021-05-24 07:19:08,9.94,2.69,2.69,87.37,0.00,0.00,13.76,1.6,37.6,225.7,324951,1961,31.4,188.2,271079,2537,40.6,243.8,351067,1714,0,0,1.103,8640,0,24,25,0.3,2586,15,1.8,38.6666666666667,0,0.0,451.0,989.0,68.4,381.8,549840.9,3569.4,6,330.228,17.33,5.78,5.78,76.90,0.00,0.00,27.636,3.5,74.5,447.2,643966,3115,67.3,403.9,581591,1974,78.4,470.4,677380,1853,0,0,1.217,8640,0,20,20,0.7,6070,15,4.2,83.1666666666667,0,0.0,337.666666666667,1102.33333333333,136.9,764.5,1100810.6,3759.2,7,663.268,1.0,3.0,1.0,1.0,2.0,5.0,3.0,2.0,4.0,4.0,0.0,5.0,31.0
2021-05-26 08:51:02,17.30,7.43,7.43,75.27,0.00,0.00,29.876,4.3,83.2,499.1,686471,2227,86.8,520.7,716128,2148,83.5,501.2,689283,1707,0,0,1.256,8252,3,13,13,0.8,6764,13,4.9,102.166666666667,113697,33.0,256.0,1184.0,158.1,878.3,1207970.5,3151.2,8,717.029,20.11,7.15,7.15,72.75,0.00,0.00,31.088,4.2,89.0,534.3,727714,2828,74.8,449.0,611523,1909,86.7,520.1,708372,1663,0,0,1.26,8172,0,13,14,0.8,6504,16,4.8,97.3333333333333,0,0.0,291.833333333333,1148.16666666667,156.6,870.4,1185461.5,3541.2,9,746.108,1.0,1.0,1.0,0.0,2.0,3.0,1.0,1.0,1.0,4.0,0.0,4.0,19.0
2021-05-28 08:05:32,17.20,5.96,5.96,76.84,0.00,0.00,27.912,3.6,76.3,457.8,659263,2165,62.1,372.5,536389,1795,78.4,470.5,677577,1787,0,0,1.221,8640,0,17,18,0.6,5608,13,3.9,85.8333333333333,0,0.0,275.833333333333,1164.16666666667,134.9,754.8,1086945.9,2732.3,10,669.886,22.45,7.52,7.52,70.02,0.00,0.00,34.862,4.5,95.2,571.4,822823,2657,81.1,486.8,700969,1833,94.7,568.4,818535,2132,0,0,1.273,8640,0,15,16,0.9,7353,13,5.1,108.333333333333,0,0.0,334.833333333333,1105.16666666667,167.6,941.6,1355874.2,3143.4,11,836.697,1.0,2.0,2.0,0.0,3.0,4.0,1.0,1.0,2.0,3.0,0.0,4.0,23.0
2021-05-31 08:21:37,18.68,7.37,7.37,73.95,0.00,0.00,32.248,4.4,88.7,532.3,766490,2169,72.3,433.6,624411,2359,85.0,509.9,734294,1621,0,0,1.26,8640,1,10,11,0.7,6374,14,4.4,106.166666666667,38373,10.0,218.5,1221.5,153.9,855.2,1231496.5,3004.5,13,773.942,15.79,4.11,4.11,80.10,0.00,0.00,21.082,2.5,55.2,331.2,476914,1504,41.7,250.4,360622,1720,59.6,357.8,515303,1848,0,0,1.157,8640,0,16,17,0.5,3952,10,2.7,59.1666666666667,0,0.0,369.333333333333,1070.66666666667,98.4,548.1,789324.0,2261.8,14,505.958,1.0,3.0,2.0,0.0,2.0,4.0,2.0,1.0,2.0,2.0,0.0,4.0,23.0
2021-06-02 08:42:44,19.39,7.44,7.44,73.17,0.00,0.00,32.514,4.5,90.7,543.9,783270,3222,74.6,447.7,644668,2000,93.3,559.5,805680,1923,0,0,1.261,8640,1,9,10,0.8,6739,13,4.7,107.166666666667,37038,10.1666666666667,178.666666666667,1261.33333333333,160.6,899.6,1295464.8,3706.8,15,780.345,15.73,6.40,6.40,77.87,0.00,0.00,22.062,3.7,73.3,439.8,513067,2061,57.2,343.3,400509,1921,72.0,431.9,503922,1641,0,0,1.221,7000,0,13,14,0.6,4273,17,3.7,74.6666666666667,0,0.0,228.833333333333,1211.16666666667,127.3,705.6,823154.0,2677.7,16,529.489,2.0,1.0,1.0,0.0,2.0,4.0,3.0,2.0,1.0,2.0,0.0,4.0,22.0
2021-06-04 09:13:08,27.04,7.58,7.58,65.37,0.00,0.00,35.854,4.3,101.4,608.1,832710,2615,82.3,493.6,675960,1975,100.2,601.0,822914,2174,0,0,1.285,8216,1,7,8,0.9,7517,15,5.5,103.833333333333,32274,10.0,109.333333333333,1330.66666666667,178.0,987.2,1351856.2,3662.9,17,860.494,19.19,7.33,7.33,73.48,0.00,0.00,32.676,4.4,89.3,536.0,771884,3049,75.2,451.0,649450,1717,88.9,533.6,768442,2125,0,0,1.261,8640,0,16,17,0.8,6949,16,4.8,105.5,0,0.0,353.0,1087.0,157.6,880.6,1268106.2,3788.3,18,784.225,1.0,1.0,1.0,0.0,3.0,4.0,1.0,1.0,1.0,1.0,0.0,4.0,18.0
2021-06-07 08:38:24,18.88,6.44,6.44,74.69,0.00,0.00,29.787,3.9,78.9,473.4,681708,2100,77.3,463.8,667817,2337,79.8,478.6,689217,2331,0,0,1.235,8640,1,18,19,0.7,6154,12,4.3,92.6666666666667,34327,11.5,328.166666666667,1111.83333333333,148.1,817.5,1177168.4,3013.6,20,714.899,16.35,5.07,5.07,78.58,0.00,0.00,24.318,3.0,65.1,390.5,562291,1900,55.8,334.9,482273,1635,68.0,408.1,587678,1778,0,0,1.188,8640,1,11,12,0.6,4817,11,3.3,73.0,38661,10.0,243.166666666667,1196.83333333333,117.7,656.7,945581.2,3044.0,21,583.625,1.0,2.0,2.0,0.0,3.0,4.0,2.0,1.0,1.0,2.0,0.0,4.0,22.0
2021-06-09 09:29:25,21.77,5.95,5.95,72.28,0.00,0.00,29.653,3.6,79.4,476.1,685647,2512,63.5,381.3,549066,2194,74.5,447.1,643861,1824,0,0,1.224,8640,0,15,16,0.7,5993,13,4.2,85.6666666666667,0,0.0,240.666666666667,1199.33333333333,137.0,756.3,1089101.6,3229.5,22,711.679,18.90,6.17,6.17,74.93,0.00,0.00,29.758,3.7,80.3,482.0,694071,2691,64.9,389.5,560921,2585,77.9,467.2,672742,1903,0,0,1.232,8640,0,16,17,0.7,5825,14,4.0,88.8333333333333,0,0.0,335.333333333333,1104.66666666667,139.4,776.1,1117563.7,3545.6,23,714.184,1.0,3.0,3.0,0.0,4.0,4.0,1.0,1.0,0.0,2.0,0.0,4.0,23.0
2021-05-28 09:23:54,23.08,46.15,46.15,30.77,0.00,0.00,0.186,1.0,295.5,1773.2,3842,850,272.4,1634.3,3541,1144,244.5,1467.2,3179,786,0,0,2.188,13,0,0,0,3.5,46,13,21.2,1.0,0,0.0,0.0,0.0,481.9,2822.8,6116.0,1627.6,3,4.456,18.90,1.71,1.71,79.39,0.00,0.00,8.766,1.0,40.7,244.4,190114,1049,34.7,208.2,161954,1163,60.8,365.0,283873,1424,0,0,1.095,4667,0,9,8,0.5,2407,9,3.1,13.3333333333333,0,0.0,174.833333333333,381.666666666667,89.2,486.1,378095.6,1617.6,4,210.388,6.0,6.0,5.0,0.0,6.0,0.0,3.0,6.0,6.0,5.0,4.0,6.0,53.0
2021-05-31 07:34:02,12.95,1.10,1.10,85.96,0.00,0.00,9.575,0.6,26.3,157.8,206320,946,20.4,122.4,160028,953,37.6,225.5,294874,1327,0,0,1.06,7847,0,33,32,0.3,2129,9,1.6,14.3333333333333,0,0.0,542.666666666667,897.333333333333,55.2,301.2,393862.4,1494.8,6,229.801,13.64,1.04,1.04,85.32,0.00,0.00,10.914,0.6,28.4,170.5,234235,906,22.1,132.8,182457,1080,44.6,267.6,367664,2079,0,0,1.066,8243,0,29,29,0.3,2794,11,2.0,14.3333333333333,0,0.0,578.333333333333,861.666666666667,63.2,344.0,472581.6,2183.8,7,261.926,6.0,6.0,6.0,0.0,6.0,0.0,5.0,5.0,5.0,6.0,9.0,9.0,63.0
2021-06-07 08:06:45,14.91,1.52,1.52,83.57,0.00,0.00,11.169,0.7,34.3,206.0,236934,1017,26.1,156.8,180374,1048,52.2,313.0,360097,1201,0,0,1.084,6902,0,21,21,0.4,2814,9,2.4,17.5,0,0.0,403.833333333333,1036.16666666667,74.2,406.2,467271.2,1458.9,13,268.045,13.75,1.33,1.33,84.93,0.00,0.00,10.828,0.7,29.5,177.1,235607,945,25.1,150.8,200533,1196,44.3,265.9,353748,1195,0,0,1.071,7981,0,26,26,0.3,2489,9,1.9,17.6666666666667,0,0.0,566.5,873.5,64.7,353.3,469959.3,1539.2,14,259.866,7.0,6.0,4.0,0.0,4.0,0.0,7.0,0.0,5.0,6.0,8.0,8.0,55.0
