Subject Name,File Name,Serial Number,Epoch Length,Weight,Age,Gender,Sleep/Wake Algorithm,Sleep Period Detection Algorithm,In Bed Time,Out Bed Time,Efficiency,Onset,Latency,Total Sleep Time,WASO,Number of Awakenings,Length of Awakenings in Minutes,Activity Counts,Movement Index,Fragmentation Index,Sleep Fragmentation Index
TAS1H02200272 (2021-07-15)60sec_LUPAperiod,TAS1H02200272 (2021-07-15)60sec_LUPAperiod.agd,TAS1H02200272,60,152.0,0,Undefined,Cole-Kripke,Tudor-Locke Default,5/28/2021 11:10:00 PM,5/29/2021 4:28:00 AM,94.025,5/28/2021 11:10:00 PM,0,318,19,11,1.73,10878,21.384,25,46.384
TAS1H02200272 (2021-07-15)60sec_LUPAperiod,TAS1H02200272 (2021-07-15)60sec_LUPAperiod.agd,TAS1H02200272,60,152.0,0,Undefined,Cole-Kripke,Tudor-Locke Default,5/29/2021 4:50:00 AM,5/29/2021 9:08:00 AM,100,5/29/2021 4:50:00 AM,0,258,0,0,0,2795,12.403,0,12.403
TAS1H02200272 (2021-07-15)60sec_LUPAperiod,TAS1H02200272 (2021-07-15)60sec_LUPAperiod.agd,TAS1H02200272,60,152.0,0,Undefined,Cole-Kripke,Tudor-Locke Default,5/29/2021 12:19:00 PM,5/29/2021 3:09:00 PM,87.647,5/29/2021 12:19:00 PM,0,170,21,11,1.91,11680,37.059,25,62.059
TAS1H02200272 (2021-07-15)60sec_LUPAperiod,TAS1H02200272 (2021-07-15)60sec_LUPAperiod.agd,TAS1H02200272,60,152.0,0,Undefined,Cole-Kripke,Tudor-Locke Default,5/29/2021 11:12:00 PM,5/30/2021 3:29:00 AM,94.553,5/29/2021 11:12:00 PM,0,257,14,14,1,9706,20.233,33.333,53.566
TAS1H02200272 (2021-07-15)60sec_LUPAperiod,TAS1H02200272 (2021-07-15)60sec_LUPAperiod.agd,TAS1H02200272,60,152.0,0,Undefined,Cole-Kripke,Tudor-Locke Default,5/30/2021 6:30:00 AM,5/30/2021 10:33:00 AM,90.535,5/30/2021 6:30:00 AM,0,243,23,7,3.29,11083,16.461,25,41.461
TAS1H02200272 (2021-07-15)60sec_LUPAperiod,TAS1H02200272 (2021-07-15)60sec_LUPAperiod.agd,TAS1H02200272,60,152.0,0,Undefined,Cole-Kripke,Tudor-Locke Default,5/30/2021 6:36:00 PM,5/30/2021 9:28:00 PM,81.395,5/30/2021 6:36:00 PM,0,172,32,11,2.91,12533,44.186,33.333,77.519
TAS1H02200272 (2021-07-15)60sec_LUPAperiod,TAS1H02200272 (2021-07-15)60sec_LUPAperiod.agd,TAS1H02200272,60,152.0,0,Undefined,Cole-Kripke,Tudor-Locke Default,5/30/2021 10:53:00 PM,5/31/2021 3:09:00 AM,93.359,5/30/2021 10:53:00 PM,0,256,17,11,1.55,9766,25.781,8.333,34.114
TAS1H02200272 (2021-07-15)60sec_LUPAperiod,TAS1H02200272 (2021-07-15)60sec_LUPAperiod.agd,TAS1H02200272,60,152.0,0,Undefined,Cole-Kripke,Tudor-Locke Default,5/31/2021 3:22:00 AM,5/31/2021 7:39:00 AM,95.72,5/31/2021 3:22:00 AM,0,257,11,7,1.57,7514,17.121,37.5,54.621
TAS1H02200272 (2021-07-15)60sec_LUPAperiod,TAS1H02200272 (2021-07-15)60sec_LUPAperiod.agd,TAS1H02200272,60,152.0,0,Undefined,Cole-Kripke,Tudor-Locke Default,5/31/2021 10:53:00 PM,6/1/2021 4:29:00 AM,97.619,5/31/2021 10:53:00 PM,0,336,8,6,1.33,9527,22.321,0,22.321
TAS1H02200272 (2021-07-15)60sec_LUPAperiod,TAS1H02200272 (2021-07-15)60sec_LUPAperiod.agd,TAS1H02200272,60,152.0,0,Undefined,Cole-Kripke,Tudor-Locke Default,6/1/2021 4:39:00 AM,6/1/2021 9:40:00 AM,96.678,6/1/2021 4:39:00 AM,0,301,10,8,1.25,6930,12.957,0,12.957
TAS1H02200272 (2021-07-15)60sec_LUPAperiod,TAS1H02200272 (2021-07-15)60sec_LUPAperiod.agd,TAS1H02200272,60,152.0,0,Undefined,Cole-Kripke,Tudor-Locke Default,6/2/2021 1:33:00 AM,6/2/2021 4:56:00 AM,99.015,6/2/2021 1:33:00 AM,0,203,2,2,1,3435,11.33,0,11.33
TAS1H02200272 (2021-07-15)60sec_LUPAperiod,TAS1H02200272 (2021-07-15)60sec_LUPAperiod.agd,TAS1H02200272,60,152.0,0,Undefined,Cole-Kripke,Tudor-Locke Default,6/2/2021 5:12:00 AM,6/2/2021 9:31:00 AM,98.069,6/2/2021 5:12:00 AM,0,259,5,3,1.67,6403,18.533,0,18.533
TAS1H02200272 (2021-07-15)60sec_LUPAperiod,TAS1H02200272 (2021-07-15)60sec_LUPAperiod.agd,TAS1H02200272,60,152.0,0,Undefined,Cole-Kripke,Tudor-Locke Default,6/2/2021 10:02:00 AM,6/2/2021 1:06:00 PM,87.5,6/2/2021 10:02:00 AM,0,184,23,13,1.77,13250,28.261,21.429,49.69
TAS1H02200272 (2021-07-15)60sec_LUPAperiod,TAS1H02200272 (2021-07-15)60sec_LUPAperiod.agd,TAS1H02200272,60,152.0,0,Undefined,Cole-Kripke,Tudor-Locke Default,6/3/2021 2:11:00 AM,6/3/2021 8:09:00 AM,93.575,6/3/2021 2:11:00 AM,0,358,23,12,1.92,9482,11.732,46.154,57.886
TAS1H02200272 (2021-07-15)60sec_LUPAperiod,TAS1H02200272 (2021-07-15)60sec_LUPAperiod.agd,TAS1H02200272,60,152.0,0,Undefined,Cole-Kripke,Tudor-Locke Default,6/3/2021 1:25:00 PM,6/3/2021 4:44:00 PM,93.97,6/3/2021 1:25:00 PM,0,199,12,4,3,6766,18.09,0,18.09
TAS1H02200272 (2021-07-15)60sec_LUPAperiod,TAS1H02200272 (2021-07-15)60sec_LUPAperiod.agd,TAS1H02200272,60,152.0,0,Undefined,Cole-Kripke,Tudor-Locke Default,6/3/2021 11:37:00 PM,6/4/2021 2:47:00 AM,97.368,6/3/2021 11:37:00 PM,0,190,5,4,1.25,4041,14.737,0,14.737
TAS1H02200272 (2021-07-15)60sec_LUPAperiod,TAS1H02200272 (2021-07-15)60sec_LUPAperiod.agd,TAS1H02200272,60,152.0,0,Undefined,Cole-Kripke,Tudor-Locke Default,6/4/2021 10:54:00 PM,6/5/2021 1:36:00 AM,96.914,6/4/2021 10:54:00 PM,0,162,5,2,2.5,4299,20.37,33.333,53.703
TAS1H02200272 (2021-07-15)60sec_LUPAperiod,TAS1H02200272 (2021-07-15)60sec_LUPAperiod.agd,TAS1H02200272,60,152.0,0,Undefined,Cole-Kripke,Tudor-Locke Default,6/5/2021 1:52:00 AM,6/5/2021 9:08:00 AM,95.183,6/5/2021 1:52:00 AM,0,436,21,10,2.1,10965,14.908,9.091,23.999
TAS1H02200272 (2021-07-15)60sec_LUPAperiod,TAS1H02200272 (2021-07-15)60sec_LUPAperiod.agd,TAS1H02200272,60,152.0,0,Undefined,Cole-Kripke,Tudor-Locke Default,6/5/2021 10:52:00 PM,6/6/2021 3:42:00 AM,99.31,6/5/2021 10:52:00 PM,0,290,2,2,1,3434,11.379,0,11.379
TAS1H02200272 (2021-07-15)60sec_LUPAperiod,TAS1H02200272 (2021-07-15)60sec_LUPAperiod.agd,TAS1H02200272,60,152.0,0,Undefined,Cole-Kripke,Tudor-Locke Default,6/6/2021 3:53:00 AM,6/6/2021 9:28:00 AM,92.537,6/6/2021 3:53:00 AM,0,335,25,8,3.13,14821,10.448,11.111,21.559
TAS1H02200272 (2021-07-15)60sec_LUPAperiod,TAS1H02200272 (2021-07-15)60sec_LUPAperiod.agd,TAS1H02200272,60,152.0,0,Undefined,Cole-Kripke,Tudor-Locke Default,6/6/2021 10:58:00 PM,6/7/2021 3:11:00 AM,96.838,6/6/2021 10:58:00 PM,0,253,8,6,1.33,6653,19.368,0,19.368
TAS1H02200272 (2021-07-15)60sec_LUPAperiod,TAS1H02200272 (2021-07-15)60sec_LUPAperiod.agd,TAS1H02200272,60,152.0,0,Undefined,Cole-Kripke,Tudor-Locke Default,6/7/2021 3:27:00 AM,6/7/2021 8:08:00 AM,99.288,6/7/2021 3:27:00 AM,0,281,2,2,1,4968,16.726,0,16.726
TAS1H02200272 (2021-07-15)60sec_LUPAperiod,TAS1H02200272 (2021-07-15)60sec_LUPAperiod.agd,TAS1H02200272,60,152.0,0,Undefined,Cole-Kripke,Tudor-Locke Default,6/8/2021 12:58:00 AM,6/8/2021 4:10:00 AM,95.833,6/8/2021 12:58:00 AM,0,192,8,3,2.67,5222,14.583,0,14.583
TAS1H02200272 (2021-07-15)60sec_LUPAperiod,TAS1H02200272 (2021-07-15)60sec_LUPAperiod.agd,TAS1H02200272,60,152.0,0,Undefined,Cole-Kripke,Tudor-Locke Default,6/8/2021 6:11:00 AM,6/8/2021 9:27:00 AM,97.449,6/8/2021 6:11:00 AM,0,196,5,4,1.25,4391,12.755,0,12.755
TAS1H02200272 (2021-07-15)60sec_LUPAperiod,TAS1H02200272 (2021-07-15)60sec_LUPAperiod.agd,TAS1H02200272,60,152.0,0,Undefined,Cole-Kripke,Tudor-Locke Default,6/8/2021 10:56:00 PM,6/9/2021 1:54:00 AM,87.079,6/8/2021 10:56:00 PM,0,178,23,6,3.83,9473,28.09,28.571,56.661
TAS1H02200272 (2021-07-15)60sec_LUPAperiod,TAS1H02200272 (2021-07-15)60sec_LUPAperiod.agd,TAS1H02200272,60,152.0,0,Undefined,Cole-Kripke,Tudor-Locke Default,6/9/2021 2:06:00 AM,6/9/2021 8:56:00 AM,94.878,6/9/2021 2:06:00 AM,0,410,21,7,3,14171,14.39,25,39.39
TAS1H02200272 (2021-07-15)60sec_LUPAperiod,TAS1H02200272 (2021-07-15)60sec_LUPAperiod.agd,TAS1H02200272,60,152.0,0,Undefined,Cole-Kripke,Tudor-Locke Default,6/9/2021 10:50:00 PM,6/10/2021 3:52:00 AM,94.04,6/9/2021 10:50:00 PM,0,302,18,10,1.8,8162,14.901,27.273,42.174
TAS1H02200272 (2021-07-15)60sec_LUPAperiod,TAS1H02200272 (2021-07-15)60sec_LUPAperiod.agd,TAS1H02200272,60,152.0,0,Undefined,Cole-Kripke,Tudor-Locke Default,6/10/2021 4:08:00 AM,6/10/2021 6:55:00 AM,94.611,6/10/2021 4:08:00 AM,0,167,9,6,1.5,5458,10.18,14.286,24.466
TAS1H02200272 (2021-07-15)60sec_LUPAperiod,TAS1H02200272 (2021-07-15)60sec_LUPAperiod.agd,TAS1H02200272,60,152.0,0,Undefined,Cole-Kripke,Tudor-Locke Default,6/11/2021 1:37:00 AM,6/11/2021 9:48:00 AM,97.76,6/11/2021 1:37:00 AM,0,491,11,8,1.38,12019,14.868,11.111,25.979
TAS1H02200272 (2021-07-15)60sec_LUPAperiod,TAS1H02200272 (2021-07-15)60sec_LUPAperiod.agd,TAS1H02200272,60,152.0,0,Undefined,Cole-Kripke,Tudor-Locke Default,6/12/2021 3:33:00 AM,6/12/2021 9:12:00 AM,97.64,6/12/2021 3:33:00 AM,0,339,8,6,1.33,7548,14.454,0,14.454
TAS1H02200272 (2021-07-15)60sec_LUPAperiod,TAS1H02200272 (2021-07-15)60sec_LUPAperiod.agd,TAS1H02200272,60,152.0,0,Undefined,Cole-Kripke,Tudor-Locke Default,6/12/2021 10:52:00 PM,6/13/2021 9:17:00 AM,91.84,6/12/2021 10:52:00 PM,0,625,51,25,2.04,30279,18.56,42.308,60.868
TAS1H02200272 (2021-07-15)60sec_LUPAperiod,TAS1H02200272 (2021-07-15)60sec_LUPAperiod.agd,TAS1H02200272,60,152.0,0,Undefined,Cole-Kripke,Tudor-Locke Default,6/13/2021 10:53:00 PM,6/14/2021 3:18:00 AM,91.698,6/13/2021 10:53:00 PM,0,265,22,7,3.14,9299,18.491,50,68.491
TAS1H02200272 (2021-07-15)60sec_LUPAperiod,TAS1H02200272 (2021-07-15)60sec_LUPAperiod.agd,TAS1H02200272,60,152.0,0,Undefined,Cole-Kripke,Tudor-Locke Default,6/14/2021 3:31:00 AM,6/14/2021 9:27:00 AM,91.292,6/14/2021 3:31:00 AM,0,356,31,16,1.94,14849,18.258,41.176,59.434
TAS1H02200272 (2021-07-15)60sec_LUPAperiod,TAS1H02200272 (2021-07-15)60sec_LUPAperiod.agd,TAS1H02200272,60,152.0,0,Undefined,Cole-Kripke,Tudor-Locke Default,6/15/2021 4:00:00 AM,6/15/2021 7:52:00 AM,92.672,6/15/2021 4:00:00 AM,0,232,17,7,2.43,7484,16.81,50,66.81
TAS1H02200272 (2021-07-15)60sec_LUPAperiod,TAS1H02200272 (2021-07-15)60sec_LUPAperiod.agd,TAS1H02200272,60,152.0,0,Undefined,Cole-Kripke,Tudor-Locke Default,6/16/2021 4:32:00 AM,6/16/2021 7:41:00 AM,95.767,6/16/2021 4:32:00 AM,0,189,8,6,1.33,5089,17.46,14.286,31.746
TAS1H02200272 (2021-07-15)60sec_LUPAperiod,TAS1H02200272 (2021-07-15)60sec_LUPAperiod.agd,TAS1H02200272,60,152.0,0,Undefined,Cole-Kripke,Tudor-Locke Default,6/16/2021 11:09:00 PM,6/17/2021 7:45:00 AM,86.822,6/16/2021 11:09:00 PM,0,516,68,31,2.19,30312,23.45,37.5,60.95
TAS1H02200272 (2021-07-15)60sec_LUPAperiod,TAS1H02200272 (2021-07-15)60sec_LUPAperiod.agd,TAS1H02200272,60,152.0,0,Undefined,Cole-Kripke,Tudor-Locke Default,6/18/2021 1:42:00 AM,6/18/2021 5:24:00 AM,94.144,6/18/2021 1:42:00 AM,0,222,13,5,2.6,10362,14.865,50,64.865
