Subject Name,File Name,Serial Number,Epoch Length,Weight,Age,Gender,Sleep/Wake Algorithm,Sleep Period Detection Algorithm,In Bed Time,Out Bed Time,Efficiency,Onset,Latency,Total Sleep Time,WASO,Number of Awakenings,Length of Awakenings in Minutes,Activity Counts,Movement Index,Fragmentation Index,Sleep Fragmentation Index
W016 - TAS1H09200352 (2021-07-15)60sec_LUPAperiod,W016 - TAS1H09200352 (2021-07-15)60sec_LUPAperiod.agd,TAS1H09200352,60,152.0,0,Undefined,Cole-Kripke,Tudor-Locke Default,5/14/2021 11:23:00 PM,5/15/2021 2:17:00 AM,79.885,5/14/2021 11:23:00 PM,0,174,35,8,4.38,12496,19.54,0,19.54
W016 - TAS1H09200352 (2021-07-15)60sec_LUPAperiod,W016 - TAS1H09200352 (2021-07-15)60sec_LUPAperiod.agd,TAS1H09200352,60,152.0,0,Undefined,Cole-Kripke,Tudor-Locke Default,5/15/2021 2:30:00 AM,5/15/2021 6:04:00 AM,89.72,5/15/2021 2:30:00 AM,0,214,22,6,3.67,9932,15.888,0,15.888
W016 - TAS1H09200352 (2021-07-15)60sec_LUPAperiod,W016 - TAS1H09200352 (2021-07-15)60sec_LUPAperiod.agd,TAS1H09200352,60,152.0,0,Undefined,Cole-Kripke,Tudor-Locke Default,5/16/2021 4:51:00 AM,5/16/2021 10:01:00 AM,89.677,5/16/2021 4:51:00 AM,0,310,32,7,4.57,21727,11.935,0,11.935
W016 - TAS1H09200352 (2021-07-15)60sec_LUPAperiod,W016 - TAS1H09200352 (2021-07-15)60sec_LUPAperiod.agd,TAS1H09200352,60,152.0,0,Undefined,Cole-Kripke,Tudor-Locke Default,5/16/2021 11:10:00 PM,5/17/2021 7:45:00 AM,86.214,5/16/2021 11:10:00 PM,0,515,71,24,2.96,48316,10.874,24,34.874
W016 - TAS1H09200352 (2021-07-15)60sec_LUPAperiod,W016 - TAS1H09200352 (2021-07-15)60sec_LUPAperiod.agd,TAS1H09200352,60,152.0,0,Undefined,Cole-Kripke,Tudor-Locke Default,5/17/2021 11:40:00 PM,5/18/2021 3:25:00 AM,83.111,5/17/2021 11:40:00 PM,0,225,38,10,3.8,15230,13.778,9.091,22.869
W016 - TAS1H09200352 (2021-07-15)60sec_LUPAperiod,W016 - TAS1H09200352 (2021-07-15)60sec_LUPAperiod.agd,TAS1H09200352,60,152.0,0,Undefined,Cole-Kripke,Tudor-Locke Default,5/18/2021 3:36:00 AM,5/18/2021 7:32:00 AM,82.203,5/18/2021 3:36:00 AM,0,236,42,10,4.2,20871,9.322,9.091,18.413
W016 - TAS1H09200352 (2021-07-15)60sec_LUPAperiod,W016 - TAS1H09200352 (2021-07-15)60sec_LUPAperiod.agd,TAS1H09200352,60,152.0,0,Undefined,Cole-Kripke,Tudor-Locke Default,5/19/2021 2:36:00 AM,5/19/2021 8:07:00 AM,87.613,5/19/2021 2:36:00 AM,0,331,41,15,2.73,16731,12.085,25,37.085
W016 - TAS1H09200352 (2021-07-15)60sec_LUPAperiod,W016 - TAS1H09200352 (2021-07-15)60sec_LUPAperiod.agd,TAS1H09200352,60,152.0,0,Undefined,Cole-Kripke,Tudor-Locke Default,5/20/2021 2:26:00 AM,5/20/2021 7:48:00 AM,81.677,5/20/2021 2:26:00 AM,0,322,59,16,3.69,30747,13.975,17.647,31.622
W016 - TAS1H09200352 (2021-07-15)60sec_LUPAperiod,W016 - TAS1H09200352 (2021-07-15)60sec_LUPAperiod.agd,TAS1H09200352,60,152.0,0,Undefined,Cole-Kripke,Tudor-Locke Default,5/21/2021 12:10:00 AM,5/21/2021 3:04:00 AM,91.379,5/21/2021 12:10:00 AM,0,174,15,8,1.88,8245,17.241,22.222,39.463
W016 - TAS1H09200352 (2021-07-15)60sec_LUPAperiod,W016 - TAS1H09200352 (2021-07-15)60sec_LUPAperiod.agd,TAS1H09200352,60,152.0,0,Undefined,Cole-Kripke,Tudor-Locke Default,5/21/2021 3:14:00 AM,5/21/2021 7:49:00 AM,88,5/21/2021 3:14:00 AM,0,275,33,9,3.67,15096,9.818,20,29.818
W016 - TAS1H09200352 (2021-07-15)60sec_LUPAperiod,W016 - TAS1H09200352 (2021-07-15)60sec_LUPAperiod.agd,TAS1H09200352,60,152.0,0,Undefined,Cole-Kripke,Tudor-Locke Default,5/21/2021 11:33:00 PM,5/22/2021 2:32:00 AM,82.123,5/21/2021 11:33:00 PM,0,179,32,10,3.2,13805,23.464,27.273,50.737
W016 - TAS1H09200352 (2021-07-15)60sec_LUPAperiod,W016 - TAS1H09200352 (2021-07-15)60sec_LUPAperiod.agd,TAS1H09200352,60,152.0,0,Undefined,Cole-Kripke,Tudor-Locke Default,5/22/2021 2:45:00 AM,5/22/2021 7:11:00 AM,84.211,5/22/2021 2:45:00 AM,0,266,42,16,2.63,16904,12.406,23.529,35.935
W016 - TAS1H09200352 (2021-07-15)60sec_LUPAperiod,W016 - TAS1H09200352 (2021-07-15)60sec_LUPAperiod.agd,TAS1H09200352,60,152.0,0,Undefined,Cole-Kripke,Tudor-Locke Default,5/22/2021 11:12:00 PM,5/23/2021 2:12:00 AM,88.889,5/22/2021 11:12:00 PM,0,180,20,5,4,11184,10.556,0,10.556
W016 - TAS1H09200352 (2021-07-15)60sec_LUPAperiod,W016 - TAS1H09200352 (2021-07-15)60sec_LUPAperiod.agd,TAS1H09200352,60,152.0,0,Undefined,Cole-Kripke,Tudor-Locke Default,5/23/2021 4:32:00 AM,5/23/2021 7:57:00 AM,88.293,5/23/2021 4:32:00 AM,0,205,24,5,4.8,12095,7.805,16.667,24.472
W016 - TAS1H09200352 (2021-07-15)60sec_LUPAperiod,W016 - TAS1H09200352 (2021-07-15)60sec_LUPAperiod.agd,TAS1H09200352,60,152.0,0,Undefined,Cole-Kripke,Tudor-Locke Default,5/23/2021 11:27:00 PM,5/24/2021 5:08:00 AM,82.698,5/23/2021 11:27:00 PM,0,341,59,20,2.95,34462,17.595,19.048,36.643
W016 - TAS1H09200352 (2021-07-15)60sec_LUPAperiod,W016 - TAS1H09200352 (2021-07-15)60sec_LUPAperiod.agd,TAS1H09200352,60,152.0,0,Undefined,Cole-Kripke,Tudor-Locke Default,5/25/2021 8:19:00 PM,5/26/2021 2:01:00 AM,90.351,5/25/2021 8:19:00 PM,0,342,33,9,3.67,19379,15.205,0,15.205
W016 - TAS1H09200352 (2021-07-15)60sec_LUPAperiod,W016 - TAS1H09200352 (2021-07-15)60sec_LUPAperiod.agd,TAS1H09200352,60,152.0,0,Undefined,Cole-Kripke,Tudor-Locke Default,5/26/2021 2:11:00 AM,5/26/2021 8:04:00 AM,87.819,5/26/2021 2:11:00 AM,0,353,43,9,4.78,21898,9.348,20,29.348
W016 - TAS1H09200352 (2021-07-15)60sec_LUPAperiod,W016 - TAS1H09200352 (2021-07-15)60sec_LUPAperiod.agd,TAS1H09200352,60,152.0,0,Undefined,Cole-Kripke,Tudor-Locke Default,5/26/2021 11:36:00 PM,5/27/2021 4:39:00 AM,95.71,5/26/2021 11:36:00 PM,0,303,13,6,2.17,7662,8.581,0,8.581
W016 - TAS1H09200352 (2021-07-15)60sec_LUPAperiod,W016 - TAS1H09200352 (2021-07-15)60sec_LUPAperiod.agd,TAS1H09200352,60,152.0,0,Undefined,Cole-Kripke,Tudor-Locke Default,5/27/2021 4:49:00 AM,5/27/2021 8:04:00 AM,83.59,5/27/2021 4:49:00 AM,0,195,32,6,5.33,12736,10.769,14.286,25.055
W016 - TAS1H09200352 (2021-07-15)60sec_LUPAperiod,W016 - TAS1H09200352 (2021-07-15)60sec_LUPAperiod.agd,TAS1H09200352,60,152.0,0,Undefined,Cole-Kripke,Tudor-Locke Default,5/28/2021 3:46:00 AM,5/28/2021 7:01:00 AM,94.359,5/28/2021 3:46:00 AM,0,195,11,5,2.2,5193,13.333,16.667,30
W016 - TAS1H09200352 (2021-07-15)60sec_LUPAperiod,W016 - TAS1H09200352 (2021-07-15)60sec_LUPAperiod.agd,TAS1H09200352,60,152.0,0,Undefined,Cole-Kripke,Tudor-Locke Default,5/29/2021 12:19:00 AM,5/29/2021 3:19:00 AM,91.111,5/29/2021 12:19:00 AM,0,180,16,3,5.33,9994,23.333,0,23.333
W016 - TAS1H09200352 (2021-07-15)60sec_LUPAperiod,W016 - TAS1H09200352 (2021-07-15)60sec_LUPAperiod.agd,TAS1H09200352,60,152.0,0,Undefined,Cole-Kripke,Tudor-Locke Default,5/29/2021 3:30:00 AM,5/29/2021 8:00:00 AM,88.889,5/29/2021 3:30:00 AM,0,270,30,7,4.29,16741,8.148,25,33.148
W016 - TAS1H09200352 (2021-07-15)60sec_LUPAperiod,W016 - TAS1H09200352 (2021-07-15)60sec_LUPAperiod.agd,TAS1H09200352,60,152.0,0,Undefined,Cole-Kripke,Tudor-Locke Default,5/29/2021 11:17:00 PM,5/30/2021 3:55:00 AM,91.007,5/29/2021 11:17:00 PM,0,278,25,11,2.27,19248,12.95,0,12.95
W016 - TAS1H09200352 (2021-07-15)60sec_LUPAperiod,W016 - TAS1H09200352 (2021-07-15)60sec_LUPAperiod.agd,TAS1H09200352,60,152.0,0,Undefined,Cole-Kripke,Tudor-Locke Default,5/31/2021 1:11:00 AM,5/31/2021 4:47:00 AM,91.667,5/31/2021 1:11:00 AM,0,216,18,10,1.8,10930,16.667,9.091,25.758
W016 - TAS1H09200352 (2021-07-15)60sec_LUPAperiod,W016 - TAS1H09200352 (2021-07-15)60sec_LUPAperiod.agd,TAS1H09200352,60,152.0,0,Undefined,Cole-Kripke,Tudor-Locke Default,6/1/2021 1:19:00 AM,6/1/2021 4:29:00 AM,91.053,6/1/2021 1:19:00 AM,0,190,17,7,2.43,8572,13.684,12.5,26.184
W016 - TAS1H09200352 (2021-07-15)60sec_LUPAperiod,W016 - TAS1H09200352 (2021-07-15)60sec_LUPAperiod.agd,TAS1H09200352,60,152.0,0,Undefined,Cole-Kripke,Tudor-Locke Default,6/1/2021 4:40:00 AM,6/1/2021 7:35:00 AM,98.857,6/1/2021 4:40:00 AM,0,175,2,2,1,1682,5.714,0,5.714
W016 - TAS1H09200352 (2021-07-15)60sec_LUPAperiod,W016 - TAS1H09200352 (2021-07-15)60sec_LUPAperiod.agd,TAS1H09200352,60,152.0,0,Undefined,Cole-Kripke,Tudor-Locke Default,6/2/2021 12:16:00 AM,6/2/2021 3:01:00 AM,86.667,6/2/2021 12:16:00 AM,0,165,22,6,3.67,9740,14.545,0,14.545
W016 - TAS1H09200352 (2021-07-15)60sec_LUPAperiod,W016 - TAS1H09200352 (2021-07-15)60sec_LUPAperiod.agd,TAS1H09200352,60,152.0,0,Undefined,Cole-Kripke,Tudor-Locke Default,6/2/2021 3:17:00 AM,6/2/2021 6:31:00 AM,88.144,6/2/2021 3:17:00 AM,0,194,23,8,2.88,8162,9.794,11.111,20.905
W016 - TAS1H09200352 (2021-07-15)60sec_LUPAperiod,W016 - TAS1H09200352 (2021-07-15)60sec_LUPAperiod.agd,TAS1H09200352,60,152.0,0,Undefined,Cole-Kripke,Tudor-Locke Default,6/2/2021 10:37:00 AM,6/2/2021 2:17:00 PM,100,6/2/2021 10:37:00 AM,0,220,0,0,0,0,0,0,0
W016 - TAS1H09200352 (2021-07-15)60sec_LUPAperiod,W016 - TAS1H09200352 (2021-07-15)60sec_LUPAperiod.agd,TAS1H09200352,60,152.0,0,Undefined,Cole-Kripke,Tudor-Locke Default,6/3/2021 2:27:00 AM,6/3/2021 5:40:00 AM,82.902,6/3/2021 2:27:00 AM,0,193,33,11,3,13607,14.508,0,14.508
W016 - TAS1H09200352 (2021-07-15)60sec_LUPAperiod,W016 - TAS1H09200352 (2021-07-15)60sec_LUPAperiod.agd,TAS1H09200352,60,152.0,0,Undefined,Cole-Kripke,Tudor-Locke Default,6/4/2021 1:14:00 AM,6/4/2021 6:48:00 AM,94.611,6/4/2021 1:14:00 AM,0,334,18,5,3.6,9146,6.886,33.333,40.219
