
Subject Name: TAS1H09200174 (2021-06-11)60sec_LUPAperiod
Serial Number: TAS1H09200174
Sleep Algorithm: Cole-Kripke

Sleep Algorithm,In Bed Date,In Bed Time,Out Bed Date,Out Bed Time,Onset Date,Onset Time,Latency,Total Counts,Efficiency,Total Minutes in Bed,Total Sleep Time (TST),Wake After Sleep Onset (WASO),Number of Awakenings,Average Awakening Length,Movement Index,Fragmentation Index,Sleep Fragmentation Index
Cole-Kripke,4/20/2021,12:55 PM,4/20/2021,5:21 PM,4/20/2021,12:55 PM,0,10932,91.73,266,244,22,9,2.44,12.03,10,22.03
Cole-Kripke,4/20/2021,9:30 PM,4/21/2021,6:25 PM,4/20/2021,9:30 PM,0,4590,99.28,1255,1246,9,3,3,0.558,0,0.558
Cole-Kripke,4/22/2021,8:49 AM,4/22/2021,11:51 AM,4/22/2021,8:49 AM,0,5615,95.05,182,173,9,8,1.13,13.187,11.111,24.298
Cole-Kripke,4/29/2021,6:54 AM,4/29/2021,10:08 AM,4/29/2021,6:54 AM,0,16203,84.02,194,163,31,17,1.82,31.959,11.111,43.07
Cole-Kripke,5/3/2021,6:02 PM,5/4/2021,10:45 AM,5/3/2021,6:02 PM,0,0,100,1003,1003,0,0,0,0,0,0
