Subject Name,File Name,Serial Number,Epoch Length,Weight,Age,Gender,Sleep/Wake Algorithm,Sleep Period Detection Algorithm,In Bed Time,Out Bed Time,Efficiency,Onset,Latency,Total Sleep Time,WASO,Number of Awakenings,Length of Awakenings in Minutes,Activity Counts,Movement Index,Fragmentation Index,Sleep Fragmentation Index
TAS1H09200174 (2021-06-11)60sec_LUPAperiod,TAS1H09200174 (2021-06-11)60sec_LUPAperiod.agd,TAS1H09200174,60,152.0,0,Undefined,Cole-Kripke,Tudor-Locke Default,4/20/2021 12:55:00 PM,4/20/2021 5:21:00 PM,91.729,4/20/2021 12:55:00 PM,0,266,22,9,2.44,10932,12.03,10,22.03
TAS1H09200174 (2021-06-11)60sec_LUPAperiod,TAS1H09200174 (2021-06-11)60sec_LUPAperiod.agd,TAS1H09200174,60,152.0,0,Undefined,Cole-Kripke,Tudor-Locke Default,4/20/2021 9:30:00 PM,4/21/2021 6:25:00 PM,99.283,4/20/2021 9:30:00 PM,0,1255,9,3,3,4590,0.558,0,0.558
TAS1H09200174 (2021-06-11)60sec_LUPAperiod,TAS1H09200174 (2021-06-11)60sec_LUPAperiod.agd,TAS1H09200174,60,152.0,0,Undefined,Cole-Kripke,Tudor-Locke Default,4/22/2021 8:49:00 AM,4/22/2021 11:51:00 AM,95.055,4/22/2021 8:49:00 AM,0,182,9,8,1.13,5615,13.187,11.111,24.298
TAS1H09200174 (2021-06-11)60sec_LUPAperiod,TAS1H09200174 (2021-06-11)60sec_LUPAperiod.agd,TAS1H09200174,60,152.0,0,Undefined,Cole-Kripke,Tudor-Locke Default,4/29/2021 6:54:00 AM,4/29/2021 10:08:00 AM,84.021,4/29/2021 6:54:00 AM,0,194,31,17,1.82,16203,31.959,11.111,43.07
TAS1H09200174 (2021-06-11)60sec_LUPAperiod,TAS1H09200174 (2021-06-11)60sec_LUPAperiod.agd,TAS1H09200174,60,152.0,0,Undefined,Cole-Kripke,Tudor-Locke Default,5/3/2021 6:02:00 PM,5/4/2021 10:45:00 AM,100,5/3/2021 6:02:00 PM,0,1003,0,0,0,0,0,0,0
