Subject Name,File Name,Serial Number,Epoch Length,Weight,Age,Gender,Sleep/Wake Algorithm,Sleep Period Detection Algorithm,In Bed Time,Out Bed Time,Efficiency,Onset,Latency,Total Sleep Time,WASO,Number of Awakenings,Length of Awakenings in Minutes,Activity Counts,Movement Index,Fragmentation Index,Sleep Fragmentation Index
W007 - TAS1H09200365 (2021-04-13)60sec_LUPAperiod,W007 - TAS1H09200365 (2021-04-13)60sec_LUPAperiod.agd,TAS1H09200365,60,152.0,0,Undefined,Cole-Kripke,Tudor-Locke Default,3/9/2021 1:16:00 AM,3/9/2021 5:59:00 AM,93.993,3/9/2021 1:16:00 AM,0,283,17,5,3.4,8778,7.067,0,7.067
W007 - TAS1H09200365 (2021-04-13)60sec_LUPAperiod,W007 - TAS1H09200365 (2021-04-13)60sec_LUPAperiod.agd,TAS1H09200365,60,152.0,0,Undefined,Cole-Kripke,Tudor-Locke Default,3/12/2021 11:43:00 PM,3/13/2021 2:43:00 AM,91.111,3/12/2021 11:43:00 PM,0,180,16,5,3.2,11818,3.889,0,3.889
W007 - TAS1H09200365 (2021-04-13)60sec_LUPAperiod,W007 - TAS1H09200365 (2021-04-13)60sec_LUPAperiod.agd,TAS1H09200365,60,152.0,0,Undefined,Cole-Kripke,Tudor-Locke Default,3/13/2021 2:57:00 AM,3/13/2021 6:11:00 AM,92.784,3/13/2021 2:57:00 AM,0,194,14,6,2.33,9844,6.186,0,6.186
W007 - TAS1H09200365 (2021-04-13)60sec_LUPAperiod,W007 - TAS1H09200365 (2021-04-13)60sec_LUPAperiod.agd,TAS1H09200365,60,152.0,0,Undefined,Cole-Kripke,Tudor-Locke Default,3/14/2021 12:16:00 AM,3/14/2021 3:21:00 AM,92.973,3/14/2021 12:16:00 AM,0,185,13,3,4.33,3957,4.865,0,4.865
W007 - TAS1H09200365 (2021-04-13)60sec_LUPAperiod,W007 - TAS1H09200365 (2021-04-13)60sec_LUPAperiod.agd,TAS1H09200365,60,152.0,0,Undefined,Cole-Kripke,Tudor-Locke Default,3/16/2021 1:19:00 AM,3/16/2021 5:03:00 AM,89.732,3/16/2021 1:19:00 AM,0,224,23,7,3.29,8778,6.696,0,6.696
W007 - TAS1H09200365 (2021-04-13)60sec_LUPAperiod,W007 - TAS1H09200365 (2021-04-13)60sec_LUPAperiod.agd,TAS1H09200365,60,152.0,0,Undefined,Cole-Kripke,Tudor-Locke Default,3/17/2021 5:39:00 AM,3/17/2021 8:23:00 AM,91.463,3/17/2021 5:39:00 AM,0,164,14,5,2.8,6205,7.317,0,7.317
W007 - TAS1H09200365 (2021-04-13)60sec_LUPAperiod,W007 - TAS1H09200365 (2021-04-13)60sec_LUPAperiod.agd,TAS1H09200365,60,152.0,0,Undefined,Cole-Kripke,Tudor-Locke Default,3/19/2021 4:36:00 AM,3/19/2021 7:28:00 AM,97.674,3/19/2021 4:36:00 AM,0,172,4,3,1.33,3020,4.07,25,29.07
W007 - TAS1H09200365 (2021-04-13)60sec_LUPAperiod,W007 - TAS1H09200365 (2021-04-13)60sec_LUPAperiod.agd,TAS1H09200365,60,152.0,0,Undefined,Cole-Kripke,Tudor-Locke Default,3/20/2021 2:45:00 AM,3/20/2021 7:03:00 AM,96.899,3/20/2021 2:45:00 AM,0,258,8,2,4,4097,3.876,0,3.876
W007 - TAS1H09200365 (2021-04-13)60sec_LUPAperiod,W007 - TAS1H09200365 (2021-04-13)60sec_LUPAperiod.agd,TAS1H09200365,60,152.0,0,Undefined,Cole-Kripke,Tudor-Locke Default,3/21/2021 4:20:00 AM,3/21/2021 7:59:00 AM,94.977,3/21/2021 4:20:00 AM,0,219,11,5,2.2,6927,4.566,0,4.566
W007 - TAS1H09200365 (2021-04-13)60sec_LUPAperiod,W007 - TAS1H09200365 (2021-04-13)60sec_LUPAperiod.agd,TAS1H09200365,60,152.0,0,Undefined,Cole-Kripke,Tudor-Locke Default,3/22/2021 5:07:00 AM,3/22/2021 8:02:00 AM,99.429,3/22/2021 5:07:00 AM,0,175,1,1,1,1242,4.571,0,4.571
W007 - TAS1H09200365 (2021-04-13)60sec_LUPAperiod,W007 - TAS1H09200365 (2021-04-13)60sec_LUPAperiod.agd,TAS1H09200365,60,152.0,0,Undefined,Cole-Kripke,Tudor-Locke Default,3/22/2021 11:38:00 PM,3/23/2021 2:46:00 AM,86.17,3/22/2021 11:38:00 PM,0,188,26,6,4.33,13065,7.979,0,7.979
W007 - TAS1H09200365 (2021-04-13)60sec_LUPAperiod,W007 - TAS1H09200365 (2021-04-13)60sec_LUPAperiod.agd,TAS1H09200365,60,152.0,0,Undefined,Cole-Kripke,Tudor-Locke Default,3/23/2021 3:52:00 AM,3/23/2021 8:32:00 AM,95.714,3/23/2021 3:52:00 AM,0,280,12,4,3,8517,4.643,0,4.643
W007 - TAS1H09200365 (2021-04-13)60sec_LUPAperiod,W007 - TAS1H09200365 (2021-04-13)60sec_LUPAperiod.agd,TAS1H09200365,60,152.0,0,Undefined,Cole-Kripke,Tudor-Locke Default,3/24/2021 6:01:00 AM,3/24/2021 8:57:00 AM,95.455,3/24/2021 6:01:00 AM,0,176,8,7,1.14,4736,4.545,0,4.545
W007 - TAS1H09200365 (2021-04-13)60sec_LUPAperiod,W007 - TAS1H09200365 (2021-04-13)60sec_LUPAperiod.agd,TAS1H09200365,60,152.0,0,Undefined,Cole-Kripke,Tudor-Locke Default,3/25/2021 4:12:00 AM,3/25/2021 6:59:00 AM,98.204,3/25/2021 4:12:00 AM,0,167,3,2,1.5,1842,2.994,0,2.994
W007 - TAS1H09200365 (2021-04-13)60sec_LUPAperiod,W007 - TAS1H09200365 (2021-04-13)60sec_LUPAperiod.agd,TAS1H09200365,60,152.0,0,Undefined,Cole-Kripke,Tudor-Locke Default,3/26/2021 2:40:00 AM,3/26/2021 6:31:00 AM,92.641,3/26/2021 2:40:00 AM,0,231,17,7,2.43,6635,6.061,0,6.061
W007 - TAS1H09200365 (2021-04-13)60sec_LUPAperiod,W007 - TAS1H09200365 (2021-04-13)60sec_LUPAperiod.agd,TAS1H09200365,60,152.0,0,Undefined,Cole-Kripke,Tudor-Locke Default,3/27/2021 3:52:00 AM,3/27/2021 7:31:00 AM,95.89,3/27/2021 3:52:00 AM,0,219,9,7,1.29,4820,5.936,25,30.936
W007 - TAS1H09200365 (2021-04-13)60sec_LUPAperiod,W007 - TAS1H09200365 (2021-04-13)60sec_LUPAperiod.agd,TAS1H09200365,60,152.0,0,Undefined,Cole-Kripke,Tudor-Locke Default,3/28/2021 4:23:00 AM,3/28/2021 7:26:00 AM,89.071,3/28/2021 4:23:00 AM,0,183,20,10,2,9466,7.65,0,7.65
W007 - TAS1H09200365 (2021-04-13)60sec_LUPAperiod,W007 - TAS1H09200365 (2021-04-13)60sec_LUPAperiod.agd,TAS1H09200365,60,152.0,0,Undefined,Cole-Kripke,Tudor-Locke Default,3/28/2021 9:32:00 PM,3/29/2021 12:24:00 AM,100,3/28/2021 9:32:00 PM,0,172,0,0,0,0,0,0,0
W007 - TAS1H09200365 (2021-04-13)60sec_LUPAperiod,W007 - TAS1H09200365 (2021-04-13)60sec_LUPAperiod.agd,TAS1H09200365,60,152.0,0,Undefined,Cole-Kripke,Tudor-Locke Default,3/29/2021 12:35:00 AM,3/29/2021 8:11:00 AM,96.272,3/29/2021 12:35:00 AM,0,456,17,4,4.25,6983,2.632,20,22.632
